SKU,ItemID
NQMG06TT,324807985
NQMG06TX,324807991
NQMG08TT,324808169
NQMG08TX,324808181
NQMG08FF,324808077
NQMG10FF,324811906
NQMG10QQ,324812014
NQMG12FF,324812036
NQMG12KK,324811982
NQ72611,324811995
NQ72621,324812115
NQ72811,324812106
NQ72815,324812109
NQ721215,324871352
NQ721231,324871660
NQ73611,324814448
NQ73811,324815124
NQ73815,324815130
NQ73821,324815149
NQ73841,324814999
NQIH08TT,324830709
NQIH08TX,324830764
NQIH08FF,324830789
NQIH08QQ,324830853
NQIH10TT,324830940
NQIH10TX,324831028
NQIH10QQ,324831158
NQ69811,332423733
NQ69831,332423811
NQ691015,332423740
NQ691021,332423741
NQ691031,332423742
NQ691211,332423744
NQ691221,332423746
NQ691231,332423747
NQ50811,324836334
NQ50821,324836348
NQ731031,324815204
NQ691241,332423748
NQMG06FF,324807995
NQMG06QQ,324807997
NQMG08KK,324808388
NQMG10TT,324811892
NQMG10TX,324811937
NQMG12TX,324812033
NQMG12QQ,324811974
NQ72841,324812165
NQ721015,324870656
NQ721211,324871279
NQ721221,324871652
NQ721431,324870683
NQ73615,324814658
NQ73621,324814713
NQ731015,324815196
NQ731041,324815212
NQ731211,324815252
NQIH10FF,324831114
NQ69815,332423734
NQ69821N,332423735
NQ691011,332423739
NQ691215,332423745
NQ50611,324836240
NQ50621,324836207
NQ50815,324836342
NQ691041,332423743
NQMG06KK,324808002
NQMG10KK,324811947
NQMG12TT,324812030
NQ72615,324812062
NQ72831,324812162
NQ721011,324870840
NQ721021,324871018
NQ721041,324871159
NQ721421,324870682
NQ73631,324814965
NQ731215,324815330
NQ50831,324836350
NQMG08QQ,324808309
NQIS14QQ,325895399
NQ73831,324815180
NQ50615,324836244
NQIS14TT,325895389
NQIS14TX,325895291
NQIS14FF,325895293
NQ10GL15TX,325762819
NQ10GL20FF,325762826
NQ10GL20TX,325762837
NQ10GL30TX,325762853
NQ10GT15TT,325839532
NQ10GT15TX,325839536
NQ10GT20FF,325839625
NQ10GT20KK,325839542
NQ10GT20QQ,325839629
NQ10GT20TT,325839548
NQ10GT30FF,325839643
NQ10GT30QQ,325839579
NQ10GT30TX,325839855
NQ10GT40TX,325839898
NQ10MT15QQ,325841592
NQ10MT15TT,325841596
NQ10MT15TX,325841600
NQ10MT20FF,325842044
NQ10MT20QQ,325842005
NQ10MT20TX,325842068
NQ10MT30QQ,325842011
NQ10MT30TT,325842116
NQ10MT30TX,325842119
NQ10MT40QQ,325842357
NQ10MT40TT,325842360
NQ10MT40TX,325842423
NQ10SW20TX,325843639
NQ10SW30TX,325851378
NQ10SW40QQ,325851384
NQ72631,324812074
NQ721031,324871087
NQ731021,324815218
NQ10GL15FF,325762801
NQ10GL15TT,325762816
NQ10GL20QQ,325762831
NQ10GL20TT,325762834
NQ10GL30TT,325762852
NQ10GT20TX,325839550
NQ10GT30KK,325839646
NQ10MT20KK,325842004
NQ10MT20TT,325842066
NQ10MT30FF,325842009
NQ10MT30KK,325842010
NQ10MT40FF,325842348
NQ10MT40KK,325842350
NQ10SW15TX,325843560
NQ10SW20TT,325843629
NQ10SW30FF,325851196
NQ10SW30KK,325851347
NQ10SW30QQ,325851359
NQ10SW40FF,325851380
NQ10SW40KK,325851266
NQ10SW40TT,325851390
NQ10SW40TX,325851272
NQ731231,324815339
NQIH12FF,332445430
NQIH12QQ,332445431
NQ10GL30QQ,325762847
NQ10GT15FF,325839501
NQ10GT30TT,325839583
NQ10GT40KK,325839763
NQ10SW20FF,325843563
NQ72821,324812160
NQ731011,324815194
NQ731441,324815358
NQ50631,324836326
NQ10GL15KK,325762806
NQ10GL20KK,325762828
NQ10GL30FF,325762840
NQ10SW20KK,325843567
NQ10SW20QQ,325843569
NQ721241,324870669
NQ731415,324815278
NQ10GT15KK,325839516
NQ10GT15QQ,325839513
NQ10GT40QQ,325839888
NQ10GT40TT,325839771
NQ731411,324815347
NQ731431,324815352
NQIH10KK,324831162
NQ10SW30TT,325851262
NQ731221,324815335
NQ45511W,328635567
NQ45511B,328635590
NQ45511P,328635602
NQ45511G,328635609
NQ721441,324871684
NQ731421,324815350
NQ10SW15QQ,325843494
