keyword,postUrl
gardeningtips,https://www.instagram.com/p/DIq8kViz48p/
gardeningtips,https://www.instagram.com/p/DPbDisjiMwI/
gardeningtips,https://www.instagram.com/p/DJAYYyguwUU/
gardeningtips,https://www.instagram.com/p/DN0oT9fXldY/
gardeningtips,https://www.instagram.com/p/DKNR6E_yNuG/
gardeningtips,https://www.instagram.com/p/DPWQBHMDrkQ/
gardeningtips,https://www.instagram.com/p/DKw8dkcs4Yv/
gardeningtips,https://www.instagram.com/p/DJ87QLmz-EA/
gardeningtips,https://www.instagram.com/p/DOjT1AbCQ_N/
gardeningtips,https://www.instagram.com/p/DNxYEee4vfW/
gardeningtips,https://www.instagram.com/p/DJJ95frstdW/
gardeningtips,https://www.instagram.com/p/DLASWHXzOPB/
gardeningtips,https://www.instagram.com/p/DH_zja5CmOp/
gardeningtips,https://www.instagram.com/p/DPUOY4PD7hr/
gardeningtips,https://www.instagram.com/p/DPLn3-KiTkz/
gardeningtips,https://www.instagram.com/p/DIvqQYatkRG/
gardeningtips,https://www.instagram.com/p/DNyAH8rxJb6/
gardeningtips,https://www.instagram.com/p/DM2BME5iiin/
gardeningtips,https://www.instagram.com/p/DLCY6y4RR38/
gardeningtips,https://www.instagram.com/p/DPiy7ZDCEVM/
gardeningtips,https://www.instagram.com/p/DHGUb4oRf6z/
gardeningtips,https://www.instagram.com/p/DI8UqVcPTTa/
gardeningtips,https://www.instagram.com/p/DIA81wTz4RU/
gardeningtips,https://www.instagram.com/p/DI9HmQvoVSS/
gardeningtips,https://www.instagram.com/p/DK_vWBTP_H7/
gardeningtips,https://www.instagram.com/p/DPbtjryDvTA/
gardeningtips,https://www.instagram.com/p/DNYo3UGzZeO/
gardeningtips,https://www.instagram.com/p/DMm8-IOq0GN/
gardeningtips,https://www.instagram.com/p/DKwOuV6TKkK/
gardeningtips,https://www.instagram.com/p/DLjkoRYoiLI/
gardeningtips,https://www.instagram.com/p/DON9YYXkaCt/
gardeningtips,https://www.instagram.com/p/DIScm9ZMZ3I/
gardeningtips,https://www.instagram.com/p/DIDwPsSOTdk/