postUrl,keyword,profileUrl,username,caption,hashtags,likes,views,postDate,timeAgo
https://www.instagram.com/p/DPbDisjiMwI/,gardeningtips,https://www.instagram.com/lookinsidemygarden/,lookinsidemygarden,"Morning - Free plants anyone…

I can’t help myself I just love taking cuttings 🤭

I only discovered in the last week how old and rough my favourite ever spring perennial was looking so I needed to take back up cuttings so I don’t have to buy anymore.  It’s called Viscaria Vulgaris “sticky catch fly” and I adore it!

It’s SO easy to take cuttings to fill your garden on a budget!

🌷Comment below if you’d like any of my links sent to you 😘

MEMBERSHIP- Sign Up To My ‘Gardening Monthly Membership’ 

COURSE - Buy my ‘Beginner Gardener Course’ 

PEST - Link to my pest control 

BLOOMZ- FREE Dahlia Grow Along 

STORE- My Amazon Affiliate Storefront 

BORDERZ-Buy my ‘Borders For Beginners’ Course

POTZ- Buy my ‘Container Gardening’ Course

Follow me @lookinsidemygarden for:
🌸 Daily gardening on stories 
🌱Beginner gardener tips
🪴 Gardening on a budget 
✨ Garden transformations 
💕 Gardening made easy 

#gardening#gardeningtips#garden#gardenlife","#gardening,#gardeningtips,#garden,#gardenlife",431,,2025-10-05T09:36:06.000Z,4 d
https://www.instagram.com/p/DJAYYyguwUU/,gardeningtips,https://www.instagram.com/1nicedude/,1nicedude,"👨🏽‍🌾🪴 #Plants that repel #mosquitos 🦟 

#MosquitoControl #plants #gardening #gardeningtips","#Plants,#mosquitos,#MosquitoControl,#plants,#gardening,#gardeningtips",17,,2025-04-28T21:50:22.000Z,23 w
https://www.instagram.com/p/DN0oT9fXldY/,gardeningtips,https://www.instagram.com/_gardeninghacks/,_gardeninghacks,"How to make homemade fertilizers for plants?🌿.

🤜 Tag your Friends and family who Love to see this ❤️

🔔 Turn Post Notification On

Thank you ! ❤️

#garden #gardentips #gardening #gardeningtips #gardening #gardeninghacks #planting #planttips #agriculture #farming #EcoFriendly #OrganicGardening #HomeGarden #NatureLovers #GreenThumb #FYP #LifeHacks #TikTokMadeMeDoIt #Viral #ForYouPage #BakingSodaMagic #gardeningcommunity","#garden,#gardentips,#gardening,#gardeningtips,#gardening,#gardeninghacks,#planting,#planttips,#agriculture,#farming,#EcoFriendly,#OrganicGardening,#HomeGarden,#NatureLovers,#GreenThumb,#FYP,#LifeHacks,#TikTokMadeMeDoIt,#Viral,#ForYouPage,#BakingSodaMagic,#gardeningcommunity",2,,2025-08-26T14:55:35.000Z,6 w
https://www.instagram.com/p/DKNR6E_yNuG/,gardeningtips,https://www.instagram.com/missoula_ecologyextension/,missoula_ecologyextension,"It’s finally warm enough, our last frost has passed!! Tomatoes, beans, peppers, squash—get ‘em in! 

Be sure to harden off and mulch for moisture. If your tomatoes look like this, pull them out, mark the date, and remember for next year not to plant warm-season veggies too soon! What are you planting this week?

#montanatomatoes #missoulacounty #hortreport #warmseason 
#veggies #gardening #gardeningtips","#montanatomatoes,#missoulacounty,#hortreport,#warmseason,#veggies,#gardening,#gardeningtips",38,,2025-05-28T18:35:16.000Z,19 w
https://www.instagram.com/p/DPWQBHMDrkQ/,gardeningtips,https://www.instagram.com/youcandoitgardening/,youcandoitgardening,"Nothing to see here!! Apply to any ground cover and water well after planting. Free plants!

Be careful: if you have something that is a fast spreader, like English ivy, pachysandra, invasive forms of dead nettle or vinca/myrtle, please don’t spread this around your property and especially not near the property line where it could escape into woods or to your neighbors. (A note on the plant I was moving around which is White Nancy lamium/ spotted dead nettle (Lamium maculatum). It is not native to North America but is not known to be invasive. Plants behave differently in different locations. For example, I have Myrtle/vinca minor and it’s been very slow grower but it can spread into the woods and take over native plants in other locations so please be on the lookout for this and select something that will behave in your region and yard. 

No matter what, English ivy is a hard no. Nurseries need to stop selling that. 

Suggestions for ground cover welcome and please note if they’re native. 

I meet with people in person around the Boston area and virtually all over the country and Canada. To book a consultation visit my Linktree or website: https://www.youcandoitgardening.com Videos are usually done by clients. 

You can also subscribe to this account  for extra content and Q&A in DMs. This supports the work I do.😊

#youcandoitgardening #groundcover #gardeningforbeginners #gardeningtips #gardencoach #gardening #landscaping #gardening101","#youcandoitgardening,#groundcover,#gardeningforbeginners,#gardeningtips,#gardencoach,#gardening,#landscaping,#gardening101",1281,,2025-10-03T12:48:53.000Z,5 d
https://www.instagram.com/p/DKw8dkcs4Yv/,gardeningtips,https://www.instagram.com/sunnysidegardensmn/,sunnysidegardensmn,"This cool, rainy stretch has our garden beds thriving—and the weeds right alongside them. 🌱
👉 Before they take over, here are our top Sunnyside-approved weeding tips to keep your plants happy, healthy, and weed-free.
💛 Let’s get ahead of it—your garden will thank you! 

#weddingtips  #gardeningseason  #gardeningtips","#weddingtips,#gardeningseason,#gardeningtips",44,,2025-06-11T15:00:32.000Z,17 w
https://www.instagram.com/p/DJ87QLmz-EA/,gardeningtips,https://www.instagram.com/gardening_igbax/,gardening_igbax,"Credit gardening_for_beginner_ Tips
What is your favorite shirt⁠
💥 𝗦𝗛𝗢𝗣 𝗡𝗢𝗪 🔥𝗟𝗜𝗡𝗞 𝗜𝗡 𝗠𝗬 𝗕𝗜𝗢 👆🏻 𝗦𝗵𝗶𝗽𝗽𝗶𝗻𝗴 ✈️⁠

#gardening #urbangardening #organicgardening #gardeninglife #gardeningtips #gardeningisfun #gardeningaustralia #containergardening #indoorgardening #thehappygardeninglife #gardeningwithkids #lovegardening #homegardening #ilovegardening #backyardgardening #vegetablegardening #gardeninglove #gardening_feature #gardeningismytherapy #gardeningideas #gardeningmakesmehappy #gardening101 #gardeningfun #gardeningtime #epicgardening #balconygardening #instagardening #happygardening #gardeningislife #gardeningtherapy","#gardening,#urbangardening,#organicgardening,#gardeninglife,#gardeningtips,#gardeningisfun,#gardeningaustralia,#containergardening,#indoorgardening,#thehappygardeninglife,#gardeningwithkids,#lovegardening,#homegardening,#ilovegardening,#backyardgardening,#vegetablegardening,#gardeninglove,#gardening_feature,#gardeningismytherapy,#gardeningideas,#gardeningmakesmehappy,#gardening101,#gardeningfun,#gardeningtime,#epicgardening,#balconygardening,#instagardening,#happygardening,#gardeningislife,#gardeningtherapy",1017,,2025-05-22T10:09:27.000Z,20 w
https://www.instagram.com/p/DOjT1AbCQ_N/,gardeningtips,https://www.instagram.com/gardenplanning/,gardenplanning,"🍂 Fall is coming—don’t leave your garden unprepared!
The change of season is the perfect time to refresh, protect, and set the stage for a thriving garden next year. Here’s how:

🌱 Clean up spent plants to stop pests from overwintering
🌱 Refresh the soil with compost or organic matter
🌱 Plant cool-season crops like kale, spinach, and garlic
🌱 Protect perennials and shrubs with mulch and pruning
🌱 Support pollinators by leaving seed heads and brush piles
🌱 Care for your tools and lawn before frost hits

✨ Pro Tip: A little fall prep now means less stress and bigger rewards come spring.

📲 Want help tracking all these seasonal tasks?
Bloom Buddy keeps your garden organized, sends care reminders, and even tells you when it’s time to plant.
Comment “BLOOM” below and we’ll send you the app link!

#FallGardenPrep #SeasonalGardening #GardenPlanning #BLOOM🌱 #GardeningTips #FallGarden #FallGardening","#FallGardenPrep,#SeasonalGardening,#GardenPlanning,#BLOOM🌱,#GardeningTips,#FallGarden,#FallGardening",1215,,2025-09-13T18:00:36.000Z,3 w
https://www.instagram.com/p/DNxYEee4vfW/,gardeningtips,https://www.instagram.com/natasha_morgan_/,natasha_morgan_,"WOW!! Workshops are flying out the door!

ONE LUCKY LAST spot remains for my Garden Design workshop on Sunday 16 November 2025. 

If you’ve been thinking about it, now’s the time—this will be gone in a heartbeat.

But the good news is there are still tickets left for:
~ The Productive Garden
~ The Wicking Bed Garden
~ The Medicinal Garden with @thecottageherbalist (Caroline Parker). Caroline’s last workshop with me in 2024 completely sold out, so it’s such a joy to welcome her back.

📩 Want to be the first to know when new dates are released? Subscribe to my newsletter via the link in my bio.

Don’t wait—these workshops won’t last.

I’m honestly blown away by the support since releasing my spring workshops. 

Thank you! 
It means the world to me.
xx",,948,,2025-08-25T08:35:57.000Z,6 w
https://www.instagram.com/p/DJJ95frstdW/,gardeningtips,https://www.instagram.com/williamdavisnh/,williamdavisnh,"Landscaper's tips for your new build garden 🌿

As we celebrate National Gardening Week, we’re sharing expert advice from John Lewin, a landscaper with 35 years of experience creating stunning gardens for homeowners in William Davis Homes properties across the Midlands.

#NationalGardeningWeek #GardeningTips #NewBuildGarden #WilliamDavisHomes #WilliamDavis #Gardens","#NationalGardeningWeek,#GardeningTips,#NewBuildGarden,#WilliamDavisHomes,#WilliamDavis,#Gardens",11,,2025-05-02T15:11:21.000Z,22 w
https://www.instagram.com/p/DLASWHXzOPB/,gardeningtips,https://www.instagram.com/portageviewfarm/,portageviewfarm,"You can keep your garden growing through summer… and even into fall.
But only if you know what to do next. 👀

And you’re probably thinking:
“Jordyn… it’s only JUNE. My spring garden just started taking off — why are you already talking about fall?”

💬 I get it. I said the same thing just a few years ago.

But here’s the truth:
🌱 You need to start your fall seeds in early July if you want anything to harvest come September.

Because by the time fall hits, your crops need to be established — not just sprouting.
Once that first frost comes, those baby plants won’t stand a chance.

That means the best time to prep for fall?
👉🏼 Is right now.

And that’s exactly what I teach you inside Grow the Distance — our step-by-step masterclass that walks you through:

☀️ What to replant after harvesting
📆 How to calculate your frost dates
🌿 What crops still thrive in late summer

You don’t need more Pinterest boards or half-finished plans.
You need a system that shows you what to do next. And that’s what this class delivers.

📩 Comment GROW and I’ll send the link your way — you’re ready. Let’s get it planted!

.
.
.

#summergarden #fallgardenprep #gardeningtips #successionplanting #growthedistance #gardenplanning #selfsufficiency #intentionalgardening #organicgardening #beginnergardener #modernhomesteaders #homegrownfood #gardeningclass #gardenlife #gardenmaintenance","#summergarden,#fallgardenprep,#gardeningtips,#successionplanting,#growthedistance,#gardenplanning,#selfsufficiency,#intentionalgardening,#organicgardening,#beginnergardener,#modernhomesteaders,#homegrownfood,#gardeningclass,#gardenlife,#gardenmaintenance",87,,2025-06-17T14:00:08.000Z,16 w
https://www.instagram.com/p/DH_zja5CmOp/,gardeningtips,https://www.instagram.com/umdhgic/,umdhgic,"🌧April showers will bring flowers🪻, but they also bring plenty of enjoyable gardening work! Dust off your boots and sharpen your gardening tools because the growing season has arrived! 

Which new plants are you excited to try this year? 

To read more Tips & Tasks visit: https://extension.umd.edu/resource/april-gardening-tips-and-tasks/ 
-linkinbio

#Maryland #gardeningtips #homegardening #umdhgic","#Maryland,#gardeningtips,#homegardening,#umdhgic",71,,2025-04-03T19:57:08.000Z,26 w
https://www.instagram.com/p/DPUOY4PD7hr/,gardeningtips,https://www.instagram.com/placercountymgs/,placercountymgs,"🎃 October Gardening Tips!🍂🍁
October is here, and with it comes a mix of warm days and cool nights. As the seasons change, prepare your garden for the challenges and opportunities that lie ahead. Here are some friendly and supportive tips to help your garden thrive this October, no matter where you are in the Golden State!

🌱Care for Your Lawn

🌼Sow Wildflower Seeds

🥬Plant Cool-Season Crops

🌰Plant Garlic

🍂Maintain Winter Soil Health

🍊Enjoy Persimmon Season

💧Keep Watering

🔍 Inspect Your Watering System

🍅Harvest Pomegranates Wisely

🌿Plant Shrubs for the Future

🌾October is a busy and exciting time in the garden! By following these tips, you'll not only keep your garden thriving through the cooler months but also set yourself up for a successful spring. Embrace the changes of the season and enjoy all the beauty and bounty your garden has to offer! Happy gardening!
 
For more details in these tips, go here:
https://ucanr.edu/blog/uc-master-gardener-program-statewide-blog/article/october-garden-tip-hello-fall",,14,,2025-10-02T17:56:10.000Z,6 d
https://www.instagram.com/p/DPLn3-KiTkz/,gardeningtips,https://www.instagram.com/trellisblissindia/,trellisblissindia,"Dreaming of lush leaves and vibrant blooms? Make that dream a reality🌱🌿

Tap the link in the bio or DM us to get the link

#gardeningtips #gardening #gardensoil #plants #trellisblissindia 

Have you guys tried our Garden soil?","#gardeningtips,#gardening,#gardensoil,#plants,#trellisblissindia",4,,2025-09-29T09:45:42.000Z,1 w
https://www.instagram.com/p/DIvqQYatkRG/,gardeningtips,https://www.instagram.com/forest_and_leaf/,forest_and_leaf,"As with everything these days, gardening seems to have become an expensive hobby, but it doesn't need to be!

A few weeks ago several of you shared some brilliant time and money saving gardening tips with me, so I've popped together a selection of the best ones here.

Have a scroll through and let me know which ones you'll be trying. Do you have any other quick and easy gardening tips?

 #GardeningTips #gardeningtipsandtricks #gardeningtipsforbeginners #craiconwithcanva #northernlasslounge","#GardeningTips,#gardeningtipsandtricks,#gardeningtipsforbeginners,#craiconwithcanva,#northernlasslounge",34,,2025-04-22T09:59:24.000Z,24 w
https://www.instagram.com/p/DNyAH8rxJb6/,gardeningtips,https://www.instagram.com/lokmat_sakhi/,lokmat_sakhi,"रोप वाढत पण फुलंच येत नाही? 
मग कांद्याच्या सालींचा उपयोग करून बघा 

तुम्हाला अजून कोणते टॉपिक्स जाणून घ्यायला आवडेल कमेंट्स मधे सांगा. 

#Lokmatsakhi #Planting #Gardeningtips #Homegardening #Tipsandhacks #Remedy #Onionbenefits #Plants","#Lokmatsakhi,#Planting,#Gardeningtips,#Homegardening,#Tipsandhacks,#Remedy,#Onionbenefits,#Plants",2284,,2025-08-25T14:25:59.000Z,6 w
https://www.instagram.com/p/DM2BME5iiin/,gardeningtips,https://www.instagram.com/ukinexcess/,ukinexcess,"Hello, August! The peak of summer is here ☀️🥒🍓 Here’s what you can do in your garden this month to keep it thriving, from our in-house Horticulture Expert 🏡👨‍🌾

#Gardening #JuneGardenJobs #GardeningTips #GreenThumb","#Gardening,#JuneGardenJobs,#GardeningTips,#GreenThumb",8,,2025-08-02T07:20:04.000Z,9 w
https://www.instagram.com/p/DLCY6y4RR38/,gardeningtips,https://www.instagram.com/aleisha_lynch/,aleisha_lynch,"June's to do list in the garden

We are now in winter, the leaves have fallen off the trees, and the garden is becoming dormant. It’s now time to prune the perennial plants in your garden. The perennial plants that have a woody stem will need to be pruned to reduce the size by about two thirds. Other herbaceous perennials that have a soft stem and often have a clumping base or multiple stems will need to be pruned right down to ground level.

Now is also the time to sow Rhodanthe everlasting daisy seeds. Sow seeds on the surface of prepared soil, they will germinate quickly with the arrival of winter rain and provide beautiful blooms that will attract all the best garden allies to your garden.  

Happy Gardening!

🌱 Aleisha 

#thecompletepatch #gardenlifestyle #gardenhowto #gardeningtips #gardening #gardeninspiration #gardeninglife #gardenerslife","#thecompletepatch,#gardenlifestyle,#gardenhowto,#gardeningtips,#gardening,#gardeninspiration,#gardeninglife,#gardenerslife",30,,2025-06-18T09:36:16.000Z,16 w
https://www.instagram.com/p/DPiy7ZDCEVM/,gardeningtips,https://www.instagram.com/stbridgetexeter/,stbridgetexeter,"🍂October is a month of the 3 P’s: preparation, protection and planting!
October marks a turning point in the gardening calendar. The air is crisp, the leaves are falling, and while many plants are starting to die back for winter, it’s far from the end of gardening season. This is the time to prepare your beds, protect tender plants, and plant for colour next spring.

We’ve rounded up our top October gardening tips, plant picks and product recommendations to help you keep your garden looking its best through autumn and beyond. 🍂

Go to the full blog here: https://stbridget.uk/what-to-do-in-your-english-garden-in-october-2/

#GardeningTips #OctoberGarden #StBridgetNurseries #AutumnInTheGarden #GrowWithUs","#GardeningTips,#OctoberGarden,#StBridgetNurseries,#AutumnInTheGarden,#GrowWithUs",,,2025-10-08T09:44:50.000Z,1 d
https://www.instagram.com/p/DHGUb4oRf6z/,gardeningtips,https://www.instagram.com/akamudeltaomega/,akamudeltaomega,"Backyard Gardening, Louisville, KY:
https://spectrumnews1.com/ky/louisville/news/2023/09/13/urban-farming-iniative-seeks-to-expand-access-to-land--fresh-food (https://spectrumnews1.com/ky/louisville/news/2023/09/13/urban-farming-iniative-seeks-to-expand-access-to-land--fresh-food)
 
Black-Owned Farm:
https://bernheim.org/news/meet-leticia-marshall-of-bearfruit-grow/ (https://bernheim.org/news/meet-leticia-marshall-of-bearfruit-grow/)
 
GroLeafy, Gardening Tips:
https://www.facebook.com/GroLeafy/about (https://www.facebook.com/GroLeafy/about)
 
Black Girls with Gardens:
https://blackgirlswithgardens.com/about-us/ (https://blackgirlswithgardens.com/about-us/)

#GardeningTips #MDOEOE #SustainableLiving #EOEAKACentral
********************","#GardeningTips,#MDOEOE,#SustainableLiving,#EOEAKACentral",5,,2025-03-12T14:56:48.000Z,30 w
https://www.instagram.com/p/DI8UqVcPTTa/,gardeningtips,https://www.instagram.com/laylocksgardencentre/,laylocksgardencentre,"Tomatoes love good company 🌿🍅—here are some of the best companion plants to grow alongside them: 

 #LaylocksLove #PlantExperts #WorcesterGardenCentre #GardenInspiration #PlantLovers #GardeningTips #SpringGardening #WorcesterUK #VisitUs #GrowWithUs #laylocksgardencentre","#LaylocksLove,#PlantExperts,#WorcesterGardenCentre,#GardenInspiration,#PlantLovers,#GardeningTips,#SpringGardening,#WorcesterUK,#VisitUs,#GrowWithUs,#laylocksgardencentre",4,,2025-04-27T08:00:52.000Z,23 w
https://www.instagram.com/p/DIA81wTz4RU/,gardeningtips,https://www.instagram.com/roslyn_mary/,roslyn_mary,"COULDN’T 
Wait for the weekend!!

Been to the nursery this afternoon for veggie seedlings!
All now planted in our @henleys_rustics Wicking bed. 

Thank you Jo @henleys_rustics for such exceptional service & advice. 
I just love this inspiring Family business!!!
So grateful. 

Now it’s up to the Mountains to keep the sun shining above our garden!

Will keep you posted on progress!
Possums beware!!!!!

Happy weekend Everyone. 
Ros. 

#garden #vegetables #gardenlove #gardening #gardeningtips  #gardeningaustralia  #gardeningisfun  #gardeningislife  #gardeninglife  #bluemountains #love #foodislove  #food #foodlover  #nz #newzealandart #australiamade","#garden,#vegetables,#gardenlove,#gardening,#gardeningtips,#gardeningaustralia,#gardeningisfun,#gardeningislife,#gardeninglife,#bluemountains,#love,#foodislove,#food,#foodlover,#nz,#newzealandart,#australiamade",96,,2025-04-04T06:47:31.000Z,26 w
https://www.instagram.com/p/DI9HmQvoVSS/,gardeningtips,https://www.instagram.com/theonlinegardencenter/,theonlinegardencenter,"April is the perfect time to give your seedlings the best start in life! 🌱✨ Pricking out seedlings is like giving them their own little room to grow, just like when kids move from a shared bedroom to their own space. 🌿💪 #GardeningTips #SpringGardening #GreenThumb","#GardeningTips,#SpringGardening,#GreenThumb",10,,2025-04-27T15:26:02.000Z,23 w
https://www.instagram.com/p/DK_vWBTP_H7/,gardeningtips,https://www.instagram.com/gardeningaustraliamag/,gardeningaustraliamag,"My biggest regret last season was the lack of cherry tomatoes. Every colour has a different flavour plus Cherry toms are the first to ripen and are super productive. 

I wont make that mistake this year and thus Cherry tomatoes are on my grow list.

Do you plan to grow Cherry tomatoes this season?",,179,,2025-06-17T08:54:30.000Z,16 w
https://www.instagram.com/p/DPbtjryDvTA/,gardeningtips,https://www.instagram.com/youcandoitgardening/,youcandoitgardening,"Sometimes people just need a few small tweaks, encouragement, some plant suggestions and they run with it. Like @david_win_brown 🙌👏 Eventually the grass along the patio will be converted into plants but this will be done in stages. 

I meet with people in person around the Boston area and virtually all over the country and Canada. To book a consultation visit my Linktree or website: https://www.youcandoitgardening.com Videos are usually done by clients. 

You can also subscribe to this account  for extra content and Q&A in DMs. This supports the work I do.😊

#youcandoitgardening #gardeningforbeginners #gardeningtips #gardencoach #gardening #landscaping #gardening101","#youcandoitgardening,#gardeningforbeginners,#gardeningtips,#gardencoach,#gardening,#landscaping,#gardening101",980,,2025-10-05T15:58:42.000Z,3 d
https://www.instagram.com/p/DNYo3UGzZeO/,gardeningtips,https://www.instagram.com/dcstructures/,dcstructures,"Imagine stepping into your backyard and knowing it’s not just beautiful—it’s working for ✨you✨

With smart, sustainable choices like rainwater harvesting, composting, and planting native species, your garden can thrive year-round while conserving resources and cutting down on upkeep.

It’s about creating a space that feeds not just your soul, but the planet, too.

Ready to make your property a model of self-sufficiency? Read more by following the link in our bio! 🤩
.
.
.
.
.
#sustainableliving #selfsufficientgarden #ecofriendlyhome #sustainablehome #gardeningtips #backyardgoals #gardeninspiration #ecofriendlyliving #lowmaintenancegarden #nativeplants #rainwaterharvesting #composting #sustainablegardening #greenthumbgoals #backyarddesign #gardenlove #homesteadlife #growyourownfood #ecofriendlyideas #gardenlife","#sustainableliving,#selfsufficientgarden,#ecofriendlyhome,#sustainablehome,#gardeningtips,#backyardgoals,#gardeninspiration,#ecofriendlyliving,#lowmaintenancegarden,#nativeplants,#rainwaterharvesting,#composting,#sustainablegardening,#greenthumbgoals,#backyarddesign,#gardenlove,#homesteadlife,#growyourownfood,#ecofriendlyideas,#gardenlife",22,,2025-08-15T18:01:45.000Z,7 w
https://www.instagram.com/p/DMm8-IOq0GN/,gardeningtips,https://www.instagram.com/lookinsidemygarden/,lookinsidemygarden,"How to take Salvia Cuttings… 

I will say don’t panic if you have no stems yet for taking cuttings!  This was last year I actually have some salvias that haven’t even started flowering yet so I want to be keeping all the stems to myself!

This is the same method of how I take most my cuttings! Below a leaf node, remove lower leaves and chuck them in water!

For me personally if I do cuttings in compost they just fail because I forget about them 🤣

If I do my cuttings in a glass of water on my windowsill I can watch them root and then I sit there looking at them for months until I eventually pot them up! 🫣

It’s the best way to get free plants and you will have a lovely flowering plant ready for next year!

🌷Comment below if you’d like any of my links sent to you 😘

MEMBERSHIP- Join My Beginner Gardening Club

COURSE - Buy my ‘Beginner Gardener Course’ 

PL4NTS - Buy bargain perennial plants 

BULBZ - pre order your bargain bulbs for spring

BLOOMZ- FREE Dahlia Grow Along 

STORE- My Amazon Storefront 

BORDERZ-Buy my ‘Borders For Beginners’ Course

POTZ- Buy my ‘Container Gardening’ Course

GROWALONG - FREE seed grow-a-long 

COLLECTION - My seed collection

Follow me @lookinsidemygarden for:
🌸 Daily gardening on stories 
🌱Beginner gardener tips
🪴 Grow alongs
✨ Garden transformations 
💕Life, laughs and community 

#gardening#gardeningtips#garden","#gardening,#gardeningtips,#garden",575,,2025-07-28T10:55:06.000Z,10 w
https://www.instagram.com/p/DKwOuV6TKkK/,gardeningtips,https://www.instagram.com/richgrogarden/,richgrogarden,"Charlies Winter Pruning Tips:🍂
“I like to give my deciduous trees and shrubs a really good prune as you can see the shape of the plant and pruning them is much easier without the weight of leaves. I was once told, if you can make a tree look good naked then come Spring, it can only look amazing.
Start by removing any crossing or rubbing branches. These cause wounds on the tree and infections can easily get into the plant so early removal is a bonus.
I then prune to shape, looking at where the plant will shoot from and prune according to the new growth it will put on come springtime.
When pruning larger branches, use a three-step cut system to prevent the bark from ripping. The first cut should be from the underside of the branch upwards and only about a third of the way through the branch.
The second cut from the top down, starting further out from the trunk than the first cut so when the branch breaks off it only rips to the point of the first cut. The third cut is the last cut closest to the trunk to tidy things up.”
Charlie Albone Richgro Brand Ambassador
#gardeningtips #wintergarden #richgro","#gardeningtips,#wintergarden,#richgro",,,2025-06-11T08:20:52.000Z,17 w
https://www.instagram.com/p/DLjkoRYoiLI/,gardeningtips,https://www.instagram.com/wikifarmer_academy/,wikifarmer_academy,"Thinking about starting a small, eco-friendly garden but not sure where to begin? 🌿

Wikifarmer Academy has just added a free mini‑course on Pollinator‑Friendly Gardening – A Beginner's Guide. 

This course will help you understand how plants grow, introduce you to the basics of ecological garden design, and show you how to support bees, butterflies, and other pollinators. You’ll learn how to plant a diverse mix of flowers—like sunflowers, lavender, coneflowers, geraniums, ivy, and foxglove—to create continuous blooms throughout the seasons. 🌸

🏡 Whether you have a backyard, balcony, or windowsill, this is a practical and inspiring starting point for any home gardener.

📚 Check out our new course on our website!

#wikifarmeracademy #agriculturalcourses #onlinecourses #gardening #pollinators #plantingflowers #resilience #homegardening #gardeningforbeginners #gardeningtips #urbangardening","#wikifarmeracademy,#agriculturalcourses,#onlinecourses,#gardening,#pollinators,#plantingflowers,#resilience,#homegardening,#gardeningforbeginners,#gardeningtips,#urbangardening",9,,2025-07-01T06:53:33.000Z,14 w
https://www.instagram.com/p/DON9YYXkaCt/,gardeningtips,https://www.instagram.com/gardening_igbax/,gardening_igbax,"Credit gardening_for_beginner_ Tips
What is your favorite shirt⁠
💥 𝗦𝗛𝗢𝗣 𝗡𝗢𝗪 🔥𝗟𝗜𝗡𝗞 𝗜𝗡 𝗠𝗬 𝗕𝗜𝗢 👆🏻 𝗦𝗵𝗶𝗽𝗽𝗶𝗻𝗴 ✈️⁠

#gardening #urbangardening #organicgardening #gardeninglife #gardeningtips #gardeningisfun #gardeningaustralia #containergardening #indoorgardening #thehappygardeninglife #gardeningwithkids #lovegardening #homegardening #ilovegardening #backyardgardening #vegetablegardening #gardeninglove #gardening_feature #gardeningismytherapy #gardeningideas #gardeningmakesmehappy #gardening101 #gardeningfun #gardeningtime #epicgardening #balconygardening #instagardening #happygardening #gardeningislife #gardeningtherapy","#gardening,#urbangardening,#organicgardening,#gardeninglife,#gardeningtips,#gardeningisfun,#gardeningaustralia,#containergardening,#indoorgardening,#thehappygardeninglife,#gardeningwithkids,#lovegardening,#homegardening,#ilovegardening,#backyardgardening,#vegetablegardening,#gardeninglove,#gardening_feature,#gardeningismytherapy,#gardeningideas,#gardeningmakesmehappy,#gardening101,#gardeningfun,#gardeningtime,#epicgardening,#balconygardening,#instagardening,#happygardening,#gardeningislife,#gardeningtherapy",1044,,2025-09-05T11:00:47.000Z,4 w
https://www.instagram.com/p/DIScm9ZMZ3I/,gardeningtips,https://www.instagram.com/juulspinesportchiropractic/,juulspinesportchiropractic,"Gardening Without the Pain 🌱

Gardening is a rewarding activity, but improper posture and repetitive movements can lead to back, neck, and knee pain. Studies show that bending, twisting, and lifting without proper form can strain your muscles and joints.

To keep your garden growing and pain-free, stretch before you start, lift with your legs, and take breaks to avoid overuse.

Happy gardening! 🌸 

 #gardeningtips #springgardening #chiropractic","#gardeningtips,#springgardening,#chiropractic",4,,2025-04-11T01:42:10.000Z,25 w
https://www.instagram.com/p/DIDwPsSOTdk/,gardeningtips,https://www.instagram.com/rocket.gardens/,rocket.gardens,"As we come into planting season over the next few weeks, now is a good time to sign up to our weekly newsletter for handy gardening tips. 
You can unsubscribe at any time but there are loads of helpful topics covered and it's a good way to keep your veg patch on track through the season. 

Click the 'Weekly Veg Out' link in our bio. 🌱

 #gardeningtips #weeklynewsletter #growingadvice #rocketgardens","#gardeningtips,#weeklynewsletter,#growingadvice,#rocketgardens",52,,2025-04-05T08:45:10.000Z,26 w