keyword,postUrl
parentalhack,https://www.instagram.com/p/CCVQzZBlGOH/
parentalhack,https://www.instagram.com/p/C6voO63oydw/
parentalhack,https://www.instagram.com/p/CDeG3m6pk-m/
parentalhack,https://www.instagram.com/p/CiZQHe3PdyN/
parentalhack,https://www.instagram.com/p/DNoBH-ZMPFe/
parentalhack,https://www.instagram.com/p/C7Hpjbqxg0g/
parentalhack,https://www.instagram.com/p/Cy5WMrTqoe2/
parentalhack,https://www.instagram.com/p/DMxWYncp9fY/
parentalhack,https://www.instagram.com/p/ChctzierB5v/
parentalhack,https://www.instagram.com/p/DAS-fuxI8f2/
parentalhack,https://www.instagram.com/p/CMW_Do5nPWk/
parentalhack,https://www.instagram.com/p/CJULqbDJRxx/
parentalhack,https://www.instagram.com/p/B8R-f-Fg1KI/
parentalhack,https://www.instagram.com/p/B-Z2nfOgd1r/
parentalhack,https://www.instagram.com/p/Bp_oHNAn6xz/
parentalhack,https://www.instagram.com/p/CoZ3Purp90Y/
parentalhack,https://www.instagram.com/p/CPiNbZ2IQAV/
parentalhack,https://www.instagram.com/p/C0jB9qVreVe/
parentalhack,https://www.instagram.com/p/CHAqFN8pBDA/
parentalhack,https://www.instagram.com/p/ChKsTT4PzjM/
parentalhack,https://www.instagram.com/p/C7cP6n1xHbp/
parentalhack,https://www.instagram.com/p/C1rlCtlPBEs/
parentalhack,https://www.instagram.com/p/CiM5A4YNNcR/
parentalhack,https://www.instagram.com/p/B7bvyVVgdmh/
parentalhack,https://www.instagram.com/p/CaYAqjsMPjD/
parentalhack,https://www.instagram.com/p/BKmofCpAxfz/
parentalhack,https://www.instagram.com/p/C1FEDWVM0ge/
parentalhack,https://www.instagram.com/p/CRstGgGKrni/
parentalhack,https://www.instagram.com/p/B8Os373lJ4R/
parentalhack,https://www.instagram.com/p/B8OjkYsFPNI/
parentalhack,https://www.instagram.com/p/6jV8GkBAJ5/
parentalhack,https://www.instagram.com/p/BGEie80x-fe/
parentalhack,https://www.instagram.com/p/BGDiebUHXxB/
parentalhack,https://www.instagram.com/p/BGDjCybDcVv/
parentalhack,https://www.instagram.com/p/BGEMJi3tlUO/
parentalhack,https://www.instagram.com/p/BcP4bWvh7gd/
parentalhack,https://www.instagram.com/p/CDji2kkpQaE/
parentalhack,https://www.instagram.com/p/DBMfdClOKQZ/
parentalhack,https://www.instagram.com/p/CnWbCqNDPiX/
parentalhack,https://www.instagram.com/p/B4DsK0wgGze/
parentalhack,https://www.instagram.com/p/CrfsvblNKsF/
parentalhack,https://www.instagram.com/p/C7ruaHRBtEv/
parentalhack,https://www.instagram.com/p/C8zyb4NscW4/
parentalhack,https://www.instagram.com/p/Cx0mcWUIvfM/
parentalhack,https://www.instagram.com/p/B7_8Rl5gHZf/
parentalhack,https://www.instagram.com/p/CrigkUFN4-Y/
parentalhack,https://www.instagram.com/p/C61n_heRLwa/
parentalhack,https://www.instagram.com/p/B7t41CIAYT7/
parentalhack,https://www.instagram.com/p/CsbIclGKD6W/
parentalhack,https://www.instagram.com/p/CtFCbHiMtLU/
parentalhack,https://www.instagram.com/p/B2AVuEcAe_y/
parentalhack,https://www.instagram.com/p/CumSPjWIK0o/
parentalhack,https://www.instagram.com/p/CiiYIKAM5oU/
parentalhack,https://www.instagram.com/p/Co4n8IxjTag/
parentalhack,https://www.instagram.com/p/Ch7yJqCsy4d/
parentalhack,https://www.instagram.com/p/CuCJi1HNrjF/
parentalhack,https://www.instagram.com/p/Chh8v0Lsrno/
parentalhack,https://www.instagram.com/p/C0brjp8CQbd/
parentalhack,https://www.instagram.com/p/C0zkzNJsgEa/
parentalhack,https://www.instagram.com/p/Cx-r5PIIIjI/
parentalhack,https://www.instagram.com/p/CqTf9tKs0Tq/
parentalhack,https://www.instagram.com/p/CwNQ8ClovY5/
parentalhack,https://www.instagram.com/p/C8AQebEscit/
parentalhack,https://www.instagram.com/p/ChaLlm9M5qr/
parentalhack,https://www.instagram.com/p/Csg1EzvM3PK/
parentalhack,https://www.instagram.com/p/CsT_g8qMMPq/
parentalhack,https://www.instagram.com/p/Cs4LiVqs9N1/
parentalhack,https://www.instagram.com/p/Cpf0JigsbCo/
parentalhack,https://www.instagram.com/p/CxlekLdsQCt/
parentalhack,https://www.instagram.com/p/C9Fzu_LMz8W/
parentalhack,https://www.instagram.com/p/CtuLp02MbBf/
parentalhack,https://www.instagram.com/p/C09y9fxMVf8/
parentalhack,https://www.instagram.com/p/Cy1IlrWMIdt/
parenthack,https://www.instagram.com/p/CHJnq4MBZm-/
parenthack,https://www.instagram.com/p/DNQfq_XIBCa/
parenthack,https://www.instagram.com/p/DOnXvmPDQJp/
parenthack,https://www.instagram.com/p/DLz5kt0uEIo/
parenthack,https://www.instagram.com/p/DOJAr1iDnNV/
parenthack,https://www.instagram.com/p/DJXGTD2srRV/
parenthack,https://www.instagram.com/p/DNbeyOiSDsQ/
parenthack,https://www.instagram.com/p/DMjfhRxvvBr/
parenthack,https://www.instagram.com/p/DOPQUFuEwtk/
parenthack,https://www.instagram.com/p/DOLqNshiKvQ/
parenthack,https://www.instagram.com/p/DBmS_59RHXB/
parenthack,https://www.instagram.com/p/DN7PrgHYqY8/
parenthack,https://www.instagram.com/p/DMXEl9nvujw/
parenthack,https://www.instagram.com/p/CsWaqRVJ5Mw/
parenthack,https://www.instagram.com/p/DMDxW1fR-y5/
parenthack,https://www.instagram.com/p/DOLpUnhiD3W/
parenthack,https://www.instagram.com/p/DOpo8PpD2NO/
parenthack,https://www.instagram.com/p/DHzkjbGNAeW/
parenthack,https://www.instagram.com/p/DN8zxT2CKJl/
parenthack,https://www.instagram.com/p/DOlaw0kDtcO/
parenthack,https://www.instagram.com/p/DNHkmlPIqp-/
parenthack,https://www.instagram.com/p/DOi_JGgkbt2/
parenthack,https://www.instagram.com/p/DOMABDPk6GU/
parenthack,https://www.instagram.com/p/DOmje0wEsIv/
parenthack,https://www.instagram.com/p/DOdMYnpDYn9/
parenthack,https://www.instagram.com/p/DL-YF_dtp8d/
parenthack,https://www.instagram.com/p/DKX5Uj8Js5u/
parenthack,https://www.instagram.com/p/DOjbG73isDj/
parenthack,https://www.instagram.com/p/DOigfLuDE-1/
parenthack,https://www.instagram.com/p/DOnfkkKEbQ8/
parenthack,https://www.instagram.com/p/DOI6mKtE_AT/
parenthack,https://www.instagram.com/p/DNkCQBEtNfe/
parenthack,https://www.instagram.com/p/CHGPCyZBMM3/
parenthack,https://www.instagram.com/p/DOolc43iYu3/
parenthack,https://www.instagram.com/p/DM0KNPKsjru/
parenthack,https://www.instagram.com/p/DOmBXReDzxV/
parenthack,https://www.instagram.com/p/DNom63sysOE/
parenthack,https://www.instagram.com/p/DN64NV4FBdd/
parenthack,https://www.instagram.com/p/DLY8G5DPSrA/
parenthack,https://www.instagram.com/p/DHZS64NzEnI/
parenthack,https://www.instagram.com/p/DNVlPlQsVcf/
parenthack,https://www.instagram.com/p/DN_nqxBEU6a/
parenthack,https://www.instagram.com/p/DCV7f8LvgVe/
parenthack,https://www.instagram.com/p/DNJcJDTsLBs/
parenthack,https://www.instagram.com/p/DOVNI50jO99/
parenthack,https://www.instagram.com/p/DObJ8pEjdMS/
parenthack,https://www.instagram.com/p/DMI3Ag8i4jg/
parenthack,https://www.instagram.com/p/DOV5hVMjpiN/
parenthack,https://www.instagram.com/p/DK8055Lp3l4/
parenthack,https://www.instagram.com/p/CBYvZvWFkyU/
parenthack,https://www.instagram.com/p/DOqWD5Vj8n6/
parenthack,https://www.instagram.com/p/DLACl0lootO/
parenthack,https://www.instagram.com/p/DOF7rLzDPcF/
parenthack,https://www.instagram.com/p/DOLmVaZjeKX/
parenthack,https://www.instagram.com/p/DOcupc6CjOD/
parenthack,https://www.instagram.com/p/CLhTZgPFtT6/
parenthack,https://www.instagram.com/p/DKICmxqt6gn/
parenthack,https://www.instagram.com/p/DNhKiiJhza7/
parenthack,https://www.instagram.com/p/DMYbt9rIgiq/
parenthack,https://www.instagram.com/p/DM_lJkOuSew/
parenthack,https://www.instagram.com/p/DNZmQFXOEJH/
parenthack,https://www.instagram.com/p/DOoFLuwDPtQ/
parenthack,https://www.instagram.com/p/DOqg2yuEfCZ/
parenthack,https://www.instagram.com/p/DOM4pmRlHOS/
parenthack,https://www.instagram.com/p/DM6S7-fykmz/
parenthack,https://www.instagram.com/p/DOUj7s3iVZw/
parenthack,https://www.instagram.com/p/DOVNVH7jEfo/
parenthack,https://www.instagram.com/p/DNKfPQsOTK7/
parenthack,https://www.instagram.com/p/DLLCKh_tVIe/
parenthack,https://www.instagram.com/p/DLNDP7quIVb/
parenthack,https://www.instagram.com/p/DOaiZqOk23c/
parenthack,https://www.instagram.com/p/BRo3xrqlKr5/
parenthack,https://www.instagram.com/p/CHrmroagMmV/
parenthack,https://www.instagram.com/p/DN3i1Ly5nib/
parenthack,https://www.instagram.com/p/DOQpBsQjJck/
parenthack,https://www.instagram.com/p/DHvRF4qTI-h/
parenthack,https://www.instagram.com/p/DOJxxB3Cc5T/
parenthack,https://www.instagram.com/p/CJQ6bytgkzK/
parenthack,https://www.instagram.com/p/CqF1qfPu-8h/
parenthack,https://www.instagram.com/p/DNYh6WD1hEN/
parenthack,https://www.instagram.com/p/DOT96MhjGDu/
parenthack,https://www.instagram.com/p/DGYUhe6pE9T/
parenthack,https://www.instagram.com/p/DMtnVJPyTaP/
parenthack,https://www.instagram.com/p/DHLBExFBVLK/
parenthack,https://www.instagram.com/p/DKAoQivtofn/
parenthack,https://www.instagram.com/p/DOW3QJuim5q/
parenthack,https://www.instagram.com/p/DMqbp_ZTAh7/
parenthack,https://www.instagram.com/p/DNigbsROsDY/
parenthack,https://www.instagram.com/p/DOqlw6FjaG6/
parenthack,https://www.instagram.com/p/DM158bkSyZu/
parenthack,https://www.instagram.com/p/DN-h4scjSjy/
parenthack,https://www.instagram.com/p/DNOcxGuSFh6/
parenthack,https://www.instagram.com/p/DLKk9sUu-F7/
parenthack,https://www.instagram.com/p/DK-E-U1MzZP/
parenthack,https://www.instagram.com/p/DOI6tafgENl/
parenthack,https://www.instagram.com/p/DOqdauuiYpc/
parenthack,https://www.instagram.com/p/B2NwuutgpiX/
parenthack,https://www.instagram.com/p/DMvVHyziM0A/
parenthack,https://www.instagram.com/p/DORwMcNkhtj/
parenthack,https://www.instagram.com/p/DOfaFM-CKpH/
parenthack,https://www.instagram.com/p/DMt9kmmvZAJ/
parenthack,https://www.instagram.com/p/CLeXv8iFjRz/
parenthack,https://www.instagram.com/p/C6YeP4bg8Qo/
parenthack,https://www.instagram.com/p/DN1ELY_UhfL/
parenthack,https://www.instagram.com/p/DOWN-7SEdtA/
parenthack,https://www.instagram.com/p/DNo1sYUh4nu/
parenthack,https://www.instagram.com/p/DG1B_4jojz5/
parenthack,https://www.instagram.com/p/DOoo_9xkiLy/
parenthack,https://www.instagram.com/p/DM5RwVostnm/
parenthack,https://www.instagram.com/p/DNqQiHqt5As/
parenthack,https://www.instagram.com/p/DM8fEbPzvso/
parenthack,https://www.instagram.com/p/DNY5V5cva_4/
parenthack,https://www.instagram.com/p/DOjHXhGDCH7/
parenthack,https://www.instagram.com/p/DObLtfWiY3l/
parenthack,https://www.instagram.com/p/CIvrvKGgB9w/
parenthack,https://www.instagram.com/p/DNJjqgjskUP/
parenthack,https://www.instagram.com/p/DNN01BVNkTX/
parenthack,https://www.instagram.com/p/DOftQNKDU7Y/
parenthack,https://www.instagram.com/p/DN-zE9PjXlj/
parenthack,https://www.instagram.com/p/DMx7qPezfKo/
parenthack,https://www.instagram.com/p/DMvAH2IRx83/
parenthack,https://www.instagram.com/p/DOn7HyREYvq/
parenthack,https://www.instagram.com/p/DGYK_gSzP00/
parenthack,https://www.instagram.com/p/DKBAjNiMQ-S/
parenthack,https://www.instagram.com/p/DObEcvfDkvZ/
parenthack,https://www.instagram.com/p/DMn3UVdzE3a/
parenthack,https://www.instagram.com/p/DOoI05EjIql/
parenthack,https://www.instagram.com/p/DM5VV7WJvO3/
parenthack,https://www.instagram.com/p/CeBlo8PMVpN/
parenthack,https://www.instagram.com/p/DLIyA_FhMWN/
parenthack,https://www.instagram.com/p/DOpu1qYD6Aa/
parenthack,https://www.instagram.com/p/DOoPXjREwi_/
parenthack,https://www.instagram.com/p/DN4lehvE7n6/
parenthack,https://www.instagram.com/p/DObsWk2it2S/
parenthack,https://www.instagram.com/p/B635BSqACNz/
parenthack,https://www.instagram.com/p/DLXWjCUORok/
parenthack,https://www.instagram.com/p/CPGJRw5DUEw/
parenthack,https://www.instagram.com/p/DM-BNEFSxAX/
parenthack,https://www.instagram.com/p/DMEM2OfTLKb/
parenthack,https://www.instagram.com/p/DOlNL6vkuR0/
parenthack,https://www.instagram.com/p/DOVQ32HDTtj/
parenthack,https://www.instagram.com/p/DOV5k7zD-WJ/
parenthack,https://www.instagram.com/p/DIStxktsBhn/
parenthack,https://www.instagram.com/p/DNBrQU9TJTJ/
parenthack,https://www.instagram.com/p/DNaTJ0ZhQwD/
parenthack,https://www.instagram.com/p/B8KelPKpS81/
parenthack,https://www.instagram.com/p/DNEwClwIa8B/
parenthack,https://www.instagram.com/p/DLYUam7N4F1/
parenthack,https://www.instagram.com/p/CwldYsENQHW/
parenthack,https://www.instagram.com/p/DOjvS-EAJe5/
parenthack,https://www.instagram.com/p/DHzgsWlJS4S/
parenthack,https://www.instagram.com/p/CoFQOg9r9jX/
parenthack,https://www.instagram.com/p/DN3fiJi0qTQ/
parenthack,https://www.instagram.com/p/DNX_eCOMC4q/
parenthack,https://www.instagram.com/p/DOkeKOMEUt4/
parenthack,https://www.instagram.com/p/B7UwXIDnNHS/
parenthack,https://www.instagram.com/p/DOgNQuKEddv/
parenthack,https://www.instagram.com/p/DOoYmttie11/
parenthack,https://www.instagram.com/p/DBwDjNuN8ib/
parenthack,https://www.instagram.com/p/CJ3mvKjj2vg/
parenthack,https://www.instagram.com/p/B4Qa2P4hwZp/
parenthack,https://www.instagram.com/p/DN3BA0M5Lk4/
parenthack,https://www.instagram.com/p/Cp3n6fZPSyp/
parenthack,https://www.instagram.com/p/DNRKaflSGPs/
parenthack,https://www.instagram.com/p/DNQYFDAo5DQ/
parenthack,https://www.instagram.com/p/DNKzhF1tllE/
parenthack,https://www.instagram.com/p/B3-CsukpvEQ/
parenthack,https://www.instagram.com/p/DOKJDIggRkM/
parenthack,https://www.instagram.com/p/DOgrhn4jgJh/
parenthack,https://www.instagram.com/p/DAUAKKmt6uG/
parenthack,https://www.instagram.com/p/DOdaRgxDIkp/
parenthack,https://www.instagram.com/p/DOZGS7WjiX6/
parenthack,https://www.instagram.com/p/DNiUCXKMJ66/
parenthack,https://www.instagram.com/p/CwvwdKQN5Vx/
parenthack,https://www.instagram.com/p/CVa5bSyMdKH/
parenthack,https://www.instagram.com/p/DM6k_GEztJH/
parenthack,https://www.instagram.com/p/DOmA00MjPR2/
parenthack,https://www.instagram.com/p/DNBSFTGt5Hh/
parenthack,https://www.instagram.com/p/CojTMOPtCvt/
parenthack,https://www.instagram.com/p/DGRTh_NRPoi/
parenthack,https://www.instagram.com/p/DMABHwONp9c/
parenthack,https://www.instagram.com/p/DN-1Gr-jvNH/
parenthack,https://www.instagram.com/p/DOY8GvlCZxK/
parenthack,https://www.instagram.com/p/DNGLL1Mtzs1/
parenthack,https://www.instagram.com/p/CL43NTOH7wK/
parenthack,https://www.instagram.com/p/DNyIeBZUGJs/
parenthack,https://www.instagram.com/p/DMrdC9AhTN8/
parenthack,https://www.instagram.com/p/DNkr99BKfGq/
parenthack,https://www.instagram.com/p/DMiM-7FtuSq/
parenthack,https://www.instagram.com/p/DOHFSZNie85/
parenthack,https://www.instagram.com/p/DM6fWgIJYlp/
parenthack,https://www.instagram.com/p/B37CfOOhXd1/
parenthack,https://www.instagram.com/p/CsqsPUDAs3x/
parenthack,https://www.instagram.com/p/DMtODRqRMu9/
parenthack,https://www.instagram.com/p/C851BbBOdRo/
parenthack,https://www.instagram.com/p/COJguSEBzat/
parenthack,https://www.instagram.com/p/DMcICmkMN-i/
parenthack,https://www.instagram.com/p/DORwF0fE9gQ/
parenthack,https://www.instagram.com/p/DNygEe9Xrrr/
parenthack,https://www.instagram.com/p/CSpCkMtrj6J/
parenthack,https://www.instagram.com/p/DOqLyZgklep/
parenthack,https://www.instagram.com/p/CtO2SoUtv1T/
parenthack,https://www.instagram.com/p/DBv8ruvxknr/
parenthack,https://www.instagram.com/p/C-2cyUpNJf9/
parenthack,https://www.instagram.com/p/DOqtDb_jMs-/
parenthack,https://www.instagram.com/p/Bz22q0oj4CK/
parenthack,https://www.instagram.com/p/DOeU_EXkp7J/
parenthack,https://www.instagram.com/p/DNGu6U6yygw/
parenthack,https://www.instagram.com/p/DOjOSZBDqZW/
parenthack,https://www.instagram.com/p/DMwMQ2kSEK8/
parenthack,https://www.instagram.com/p/DMXkx4Yp5BL/
parenthack,https://www.instagram.com/p/DNwByYR4s6i/
parenthack,https://www.instagram.com/p/DNLPGdRNRqW/
parenthack,https://www.instagram.com/p/DM_0yuGymiR/
parenthack,https://www.instagram.com/p/DJaoa6tyMbs/
parenthack,https://www.instagram.com/p/DMEJIxoyiVI/