username,profileUrl,brandName,contactName
rootedplantco,https://www.instagram.com/rootedplantco/,Biogrowth Organics,Allen A. Aydogdu
theoldfarmersalmanac,https://www.instagram.com/theoldfarmersalmanac/,Biogrowth Organics,Allen A. Aydogdu
keepmidlandbeautiful,https://www.instagram.com/keepmidlandbeautiful/,Biogrowth Organics,Allen A. Aydogdu
bbbcentralnewengland,https://www.instagram.com/bbbcentralnewengland/,Biogrowth Organics,Allen A. Aydogdu
huntershomeok,https://www.instagram.com/huntershomeok/,Biogrowth Organics,Allen A. Aydogdu
thecultivationbykat,https://www.instagram.com/thecultivationbykat/,Biogrowth Organics,Allen A. Aydogdu
hillcrest__farms,https://www.instagram.com/hillcrest__farms/,Biogrowth Organics,Allen A. Aydogdu
baysingerrealestate,https://www.instagram.com/baysingerrealestate/,Biogrowth Organics,Allen A. Aydogdu
homegrown.florida,https://www.instagram.com/homegrown.florida/,Biogrowth Organics,Allen A. Aydogdu
teambensonsdesertgarden,https://www.instagram.com/teambensonsdesertgarden/,Biogrowth Organics,Allen A. Aydogdu
urimastergardeners,https://www.instagram.com/urimastergardeners/,Biogrowth Organics,Allen A. Aydogdu
gardenersedge,https://www.instagram.com/gardenersedge/,Biogrowth Organics,Allen A. Aydogdu
laketahoemg,https://www.instagram.com/laketahoemg/,Biogrowth Organics,Allen A. Aydogdu
missoula_ecologyextension,https://www.instagram.com/missoula_ecologyextension/,Biogrowth Organics,Allen A. Aydogdu
placercountymgs,https://www.instagram.com/placercountymgs/,Biogrowth Organics,Allen A. Aydogdu
akamudeltaomega,https://www.instagram.com/akamudeltaomega/,Biogrowth Organics,Allen A. Aydogdu
dcstructures,https://www.instagram.com/dcstructures/,Biogrowth Organics,Allen A. Aydogdu
juulspinesportchiropractic,https://www.instagram.com/juulspinesportchiropractic/,Biogrowth Organics,Allen A. Aydogdu