Mount-It Sku,BBY Sku
MI-1772B,6348879
MI-1771B,6368341
MI-2751,6449556
MI-1752,6368326
MI-1753,6449561
MI-765,6485040
MI-2781,6368332
MI-1757,6368330
MI-2762,6368342
MI-7925,6451200
MI-7934,6451199
MI-404,6449577
MI-2752L,6449565
MI-1771,6368334
MI-708,6408835
MI-1772,6368340
MI-1768,6408826
MI-7926,6451203
MI-2781B,6448529
MI-4352LT,6449571
MI-7817,6449570
MI-4762,6485033
MI-7818,6449557
MI-2761,6485034
MI-7270,6449560
MI-4771,6485035
MI-7263,6408827
MI-751,6486860
MI-6771,6527550
MI-7153,6368331
MI-789,6267001
MI-7210,6485041
MI-7271,6485042
MI-7135,6449573
MI-2784,6485038
MI-7136,6368328
MI-7150,6368344
MI-7211,6485043
MI-7929,6451201
MI-7365,6485037
MI-1781,6485036
MI-1401,6082300
MI-7273,6485039
MI-7262,6408829
MI-7266,6408824
MI-7804,6408834
