ABSOLUTE_NUM,BASE_FIND_NUM,CORPORATE_SKU,DESCRIPTION,VITEM_MODEL_NUM
52399718,2093782ICI,2093782,DUAL MONITOR DESK MOUNT,MI-732
53187335,2632758,2632758,LAPTOP DOCKING STATIONS,MI-426
53187827,2614797,2614797,CAR LAPTOP MOUNT,MI-526
55376294,24425132,24425132,CABLE MANAGEMENT SPINE,MI-7280
55376334,24427397,24427397,CABLE MANAGEMENT HUB,MI-7281
55419331,24503013,24503013,MI DESK CABLE TRAY,MI-7282
55447547,24564152,24564152,MI-7281B POWER CORD DESK MOUNT,MI-7281B
54578290,24148281,24148281,STORAGE CRATE MI-908,MI-908
55412752,24499433,24499433,STORAGE CRATE,WI-3003
55412753,24499432,24499432,STORAGE CRATE,MI-910
55412755,24499431,24499431,STORAGE CRATE,MI-909
55412756,24499434,24499434,STORAGE CRATE,WI-3002
55415964,24499631,24499631,STORAGE CRATE,WI-3001
55430540,24534120,24534120,SMALL WOODEN MOVER DOLLY,MI-925
55441024,24534119,24534119,SMALL UTILITY SHOPPING CART,MI-907S
55441031,24534117,24534117,ROLLING UTILITY SHOPPING CART,MI-907
52399712,2093734ICI,2093734,CEILING TV WALL MOUNT,MI-501B
52399715,2093730ICI,2093730,DVD COMPONENT WALL SHELF,MI-821
52399731,2093743ICI,2093743,TILT TV WALL MOUNT,MI-318B
52399734,2093746ICI,2093746,FIXED FLAT TV WALL MOUNT,MI-305B
52399741,2093735ICI,2093735,ARTICULATING TV WALL MOUNT,MI-411L
52399751,2093739ICI,2093739,ARTICULATING TV WALL MOUNT,MI-326L
52399764,2093748ICI,2093748,TILT TV WALL MOUNT,MI-303B
52399774,2093751ICI,2093751,ARTICULATING TV WALL MOUNT,MI-2041L
52399782,2093750ICI,2093750,ARTICULATING TV WALL MOUNT,MI-2065L
52399785,2093741ICI,2093741,ARTICULATING TV WALL MOUNT,MI-319B
52399788,2093742ICI,2093742,TILT TV WALL MOUNT,MI-318L
52399794,2093804ICI,2093804,ARTICULATING TV WALL MOUNT,MI-4601
52399815,2093737ICI,2093737,ARTICULATING TV WALL MOUNT,MI-346L
53187108,2614687,2614687,TV ENTERTAINMENT CENTER,MI-867
53187115,2607853,2607853,TV MOBILE CART,MI-875
53187194,2614816,2614816,TV WALL MOUNT,MI-846
53187325,2614763,2614763,TV ENTERTAINMENT CENTER,MI-863
53187340,2614765,2614765,TV CEILING MOUNT,MI-4222
53187396,2614786,2614786,DVD COMPONENT WALL SHELF,MI-891
53187503,2614801,2614801,DESK LAMPS,TS-7005
53187611,2614812,2614812,TV MOBILE CART,MI-870
53187640,2614800,2614800,DESK LAMPS,TS-7006
53187734,2632719,2632719,TV MOUNTS,MI-878
53187742,2614764,2614764,DVD COMPONENT WALL SHELF,MI-802
53187799,2614778,2614778,DVD COMPONENT WALL SHELF,MI-8401
53187868,2607854,2607854,TV MOBILE CART,MI-876
53187881,2614774,2614774,DVD COMPONENT WALL SHELF,MI-893
54578288,24148272,24148272,CHAIR MAT MI-7818,MI-7818
54578293,24148273,24148273,CHAIR MAT MI-7817,MI-7817
54578294,24148280,24148280,PROJECTOR STAND MI-7943,MI-7943
54578296,24148278,24148278,SIT-STAND DESK MI-7906,MI-7906
54578297,24148282,24148282,PRINTER STAND MI-7854,MI-7854
54578298,24148274,24148274,SIT-STAND DESK MI-7927E,MI-7927E
54578307,24148276,24148276,SIT-STAND DESK MI-7934,MI-7934
54578308,24148275,24148275,SIT-STAND DESK MI-7926,MI-7926
55347302,24056265,24056265,SIT STAND WORKSTATION,MI-7914
55347303,24288077,24288077,SIT-STAND DESK,MI-7929BLK
55347305,24192239,24192239,SIT-STAND DESK,MI-7916
55363571,24056263,24056263,WORKSTATION,MI-7940-BLACK
55363573,24056230,24056230,FOOTREST,MI-7804
55363575,24056228,24056228,FOOTREST,MI-7802
55363576,24056229,24056229,FOOTREST,MI-7803
55363775,24056231,24056231,MOUNT-IT! MOBILE PORTABLE PODI,MI-7941
55363776,24288074,24288074,MOUNT-IT! TABLE TOP FOR SIT ST,MI-7937
55363777,24288078,24288078,MOUNT-IT! ROLLING SIT-STAND CO,MI-7942BLK
55363778,24288089,24288089,MOUNT-IT! ROLLING LAPTOP TRAY,MI-7945
55363779,24056259,24056259,MOUNT-IT! SIT STAND WORKSTATIO,MI-7903
55363780,24288088,24288088,MOUNT-IT! UNDER DESK COMPUTER,MI-7135
55363783,24056233,24056233,MOUNT-IT! SIT STAND DESK MOUNT,MI-7904
55363784,24288072,24288072,MOUNT-IT! STANDING DESK HEIGHT,MI-7925
55363785,24056260,24056260,MOUNT-IT! SIT STAND WALL MOUNT,MI-7905
55363786,24056266,24056266,MOUNT-IT! MONITOR AND KEYBOARD,MI-7915
55363788,24056232,24056232,MOUNT-IT! ROLLING SIT-STAND CO,MI-7942
55363789,24288075,24288075,MOUNT-IT! STANDING DESK HEIGHT,MI-7932
55363791,24056262,24056262,MOUNT-IT! MANUAL CRANK STANDIN,MI-7931
55369273,24303058,24303058,UNDER DESK FOOT REST,MI-7801
55376277,24425085,24425085,TV WALL MOUNT,MI-376
55376278,24425137,24425137,MOBILE COMPUTER WORSTATION,MI-7970
55376280,24425106,24425106,TV WALL MOUNT,MI-13050XL
55376282,24425094,24425094,TV WALL MOUNT,MI-4152
55376287,24425114,24425114,TV STAND,MI-854
55376295,24425134,24425134,TV WALL MOUNT,MI-383
55376300,24425113,24425113,TV WALL MOUNT,MI-319L
55376302,24425103,24425103,MOBILE COMPUTER WORSTATION,MI-7970B
55376307,24425086,24425086,MOBILE COMPUTER WORSTATION,MI-7972
55376313,24425110,24425110,TV WALL MOUNT,MI-894
55376320,24425082,24425082,MOBILE COMPUTER WORSTATION,MI-7972B
55376322,24425096,24425096,TV WALL MOUNT,MI-411
55376926,24429644,24429644,SEAT CUSHION,CL-1101
55376927,24429647,24429647,SEAT CUSHION,CL-1201
55376928,24429646,24429646,SEAT CUSHION,LU-1013
55389503,24394940,24394940,HEIGHT ADJUSTABLE FOOTREST,MI-7807
55389504,24394935,24394935,ADJUSTABLE FOOTREST,MI-7808
55397030,24395067,24395067,TV CART,MI-1876
55397035,24395055,24395055,TV CART,MI-1875
55404559,24308888,24308888,SPRING ARM SIT STAND,MI-7955
55404560,24308884,24308884,COMPUTER DESK,MI-7946
55404561,24308889,24308889,BLK SIT STAND DESK,MI-7952
55404562,24485663,24485663,STANDING DESK CONVERTER,MI-7957
55404563,24485662,24485662,LAPTOP CART,MI-7997
55404564,24308886,24308886,SIT TO STAND DESK,MI-7929BRN
55404565,24485665,24485665,MOBILE DESK,MI-7969
55404566,24485664,24485664,STANDING DESK,MI-7999
55404568,24485666,24485666,STANDING DESK,MI-7981
55404571,24485660,24485660,STANDING DESK COVERTER,MI-7962
55404572,24485661,24485661,PORTABLE LECTERN,MI-7971
55408773,24493596,24493596,ROLLING DESK,MI-7998B
55408774,24493597,24493597,STANDING DESK CONVERTER,MI-8050
55413171,24499787,24499787,CHILDRENS DESK,MI-10212
55413172,24499785,24499785,CHILDRENS DESK,MI-10202
55413173,24499786,24499786,CHILDRENS DESK,MI-10203
55413174,24499784,24499784,CHILDRENS DESK,MI-10211
55413175,24499783,24499783,CHILDRENS DESK,MI-10201
55413176,24499788,24499788,CHILDRENS DESK,MI-10213
55414404,24506400,24506400,ANTI-FATIGUE MAT,MI-7161
55414421,24506401,24506401,ANTI-FATIGUE MAT,MI-7162
55416763,24509986,24509986,UTILITY CART,MI-7860
55416764,24509987,24509987,FILING CART,MI-7858
55425285,24525809,24525809,35.4 ADJ STANDING DESK,MI-7927EC
55425286,24525808,24525808,6-19 ADJUST DESK CONVERTER,MI-7962C
55436207,24509989,24509989,MOBILE SHELVING RACK,MI-7862
55436209,24520147,24520147,STANDING DESK,MI-18068
55436210,24509988,24509988,SHELVING RACK,MI-7861
55436211,24520140,24520140,STANDING DESK,MI-18066
55436212,24520146,24520146,STANDING DESK,MI-18060
55436214,24520141,24520141,STANDING DESK,MI-18071
55436216,24520142,24520142,STANDING DESK,MI-18065
55436218,24520144,24520144,STANDING DESK,MI-18069
55436219,24520148,24520148,STANDING DESK,MI-18061
55436220,24520137,24520137,STANDING DESK,MI-18063
55436221,24520138,24520138,STANDING DESK,MI-18064
55436222,24520139,24520139,STANDING DESK,MI-18062
55436223,24520143,24520143,STANDING DESK,MI-18067
55436224,24520145,24520145,STANDING DESK,MI-18070
55440357,24534104,24534104,ROLLING MESH UTILITY CART,MI-906
55440358,24534106,24534106,20 CUBE PORTABLE CLOSET RACK,WI-4031
55440359,24534105,24534105,12 CUBE PORTABLE CLOSET RACK,WI-4030
55440360,24534103,24534103,ROLLING UTILITY CART,MI-905
55440361,24534114,24534114,6 CUBE WIRE STORAGE ORGANIZER,WI-4012
55442669,24554105,24554105,MI-15004 STSTND DSK USB DRWR,MI-15004
55442670,24554107,24554107,MI-15002 L CNR STSTND DSK,MI-15002
55442671,24554106,24554106,MI-15003 L CNR STSTND DSK,MI-15003
55442673,24554108,24554108,MI-15001 L CNR STSTND DSK,MI-15001
55446595,24553832,24553832,MI-15007 STNDG DSK CNV MAPLE,MI-15007
55449075,24553834,24553834,MI-15006 STNDG DSK CNV WALNUT,MI-15006
55449076,24553830,24553830,MI-15005 STNDG DSK CNV WHITE,MI-15005
55449077,24553833,24553833,MI-8052 STNDG DSK CNV W/ MOUNT,MI-8052
55449078,24553829,24553829,MI-8053 STNDG DSK CNV W/ MOUNT,MI-8053
55449079,24553831,24553831,MI-8054 STNDG DSK CNV W/ MOUNT,MI-8054
55456394,24567955,24567955,MI-7979W MBLE SIT STAND WRKSTA,MI-7979W
55457109,24581752,24581752,MI-1103 SEAT CUSHION,MI-1103
55457110,24581753,24581753,MI-1104 SEAT CUSHION,MI-1104
55457111,24581749,24581749,MI-1107 BACK CUSHION,MI-1107
55457112,24581750,24581750,MI-1105 BACK CUSHION,MI-1105
55457113,24581751,24581751,MI-1106 BACK CUSHION,MI-1106
55460681,24591128,24591128,SIT STAND DESK 55W BROWN PREM,MI-18114
55462950,24596723,24596723,ELECTRIC DESK CONVERTER BLACK,MI-8010
55462951,24596722,24596722,ELECTRIC DESK CONVERTER WALNUT,MI-8011
55462952,24596721,24596721,ELECTRIC DESK CONVERTER WHITE,MI-8012
55463662,24598107,24598107,UNDER DESK DRAWER SHALLOW WHT,MI-7294WHT
55463663,24598108,24598108,UNDER DESK DRAWER SHALLOW BLK,MI-7294BLK
55464325,24598109,24598109,KEYBOARD TRAY W WRIST PAD BLK,MI-7149
55464413,24581748,24581748,MI-7856 3-TIER PRINTER CART,MI-7856
55464414,24591129,24591129,SIT STAND DESK 55W OAK ULT,MI-18082
55466938,24606165,24606165,MOUNT-IT! 30IN CONVERTER BLACK,MI-15009S
55466943,24606167,24606167,MOUNT-IT! 38IN CONVERTER BLACK,MI-15009
55467123,24606164,24606164,MOUNT-IT! 48IN CONVERTER BLACK,MI-15009L
55467124,24606166,24606166,MOUNT-IT! 30IN CONVERTER BROWN,MI-15006S
55467642,24590806,24590806,L-SHAPE ELEC SIT STAND DESK,MI-15010
55467643,24596872,24596872,DUAL PEDAL ERGONOMIC FOOTREST,MI-7811
55467644,24591123,24591123,SIT STAND DESK 55W BLACK STD,MI-18087
55467645,24584922,24584922,MOUNT-IT! MOBILE PRNTR STD BK,MI-7857
55470391,24615367,24615367,SIT STAND DESK 72W WHITE,MI-18124
55470392,24615371,24615371,SIT STAND DESK 72W BLK/BRWN,MI-18126
55470393,24615370,24615370,SIT STAND DESK 72W BLACK,MI-18122
55470394,24615369,24615369,SIT STAND DESK 60W WHITE,MI-18123
55470395,24616276,24616276,MOUNT-IT 48W SIT STAND,MI-18066CNT
55470396,24615368,24615368,SIT STAND DESK 60W BLACK,MI-18121
55470397,24615372,24615372,SIT STAND DESK 60W BLK/BRWN,MI-18125
53187151,2632718,2632718,TV MOUNTS,MI-508
53187174,2614694,2614694,PROJECTOR MOUNT,MI-509B
53187208,2632755,2632755,SPEAKER STANDS,MI-SB41
53187242,2614771,2614771,TV CEILING MOUNT,MI-507
53187322,2632723,2632723,TV MOUNTS,MI-3991B
53187363,2632761,2632761,TV MOUNTS,MI-3991L
53187375,2614787,2614787,PROJECTOR MOUNT,MI-509L
53187450,2614777,2614777,TV ARTICULATING WALL MOUNT,MI-4151
53187458,2632720,2632720,TV MOUNTS,MI-780
53187495,2614758,2614758,CORNER TV WALL MOUNT,MI-484C
53187500,2614783,2614783,TILTED TV WALL MOUNT,MI-1121M
53187562,2614779,2614779,TV WALL MOUNT,MI-305L
53187596,2614751,2614751,TV ARTICULATING WALL MOUNT,MI-345
53187617,2614688,2614688,TV CEILING MOUNT,MI-502B
53187637,2632721,2632721,TV MOUNTS,MI-4471
53187647,2614749,2614749,TV ARTICULATING WALL MOUNT,MI-3990
53187735,2614775,2614775,DVD COMPONENT WALL SHELF,MI-801
53187751,2632759,2632759,TV MOUNTS,MI-442
53187830,2614780,2614780,TILTED TV WALL MOUNT,MI-1131L
53187935,2632746,2632746,TV MOUNTS,MI-849
55389484,24395060,24395060,FULL MOTION TV MOUNT,MI-361
55389485,24395063,24395063,MOTORIZED ELECTRIC TV MOUNT,MI-4223
55389492,24395068,24395068,RV TV MOUNT,MI-430
55389495,24395053,24395053,TV WALL MOUNT,MI-372
55389505,24395051,24395051,FULL MOTION TV MOUNT,MI-407-1
55389510,24395072,24395072,FULL MOTION MOUNT,MI-2042L
55389511,24288085,24288085,TV WALL MOUNT,MI-2042
55389513,24288084,24288084,TV WALL MOUNT,MI-4110
55465356,MI1377,3096810,MOUNT-IT! PORTRAIT LOW PROFILE,MI-1377
52399710,2093799ICI,2093799,PROJECTOR MOUNT,MI-604
52399828,2093798ICI,2093798,PROJECTOR MOUNT,MI-605
53187113,2632711,2632711,PROJECTOR PARTS & ACCESSORIES,MI-606B
53187165,2632712,2632712,PROJECTOR PARTS & ACCESSORIES,MI-608
53187504,2632715,2632715,PROJECTOR PARTS & ACCESSORIES,MI-606L
53187918,2632714,2632714,PROJECTOR PARTS & ACCESSORIES,MI-606S
55376291,24425116,24425116,PROJECTOR MOUNT,MI-630
52399709,2093818ICI,2093818,SNGL MONITOR WALL MOUNT,MI-35114
52399722,2093780ICI,2093780,SNGL MONITOR DESK MOUNT,MI-751
52399725,2093789ICI,2093789,LAPTOP TRAY DESK STAND,MI-7211
52399726,2093828ICI,2093828,SNGL MONITOR WALL MOUNT,MI-33114
52399727,2093839ICI,2093839,SNGL MONITOR WALL MOUNT,MI-31114
52399728,2093842ICI,2093842,DUAL MONITOR DESK MOUNT,MI-1752
52399729,2093805ICI,2093805,DUAL MONITOR DESK MOUNT,MI-45116
52399736,2093811ICI,2093811,DUAL MONITOR WALL MOUNT,MI-43114
52399740,2093835ICI,2093835,SNGL MONITOR DESK MOUNT,MI-32111
52399743,2093807ICI,2093807,DUAL MONITOR DESK MOUNT,MI-45111
52399747,2093816ICI,2093816,SNGL MONITOR WALL MOUNT,MI-404
52399750,2093817ICI,2093817,SNGL MONITOR DESK MOUNT,MI-35116
52399753,2093837ICI,2093837,SNGL MONITOR DESK MOUNT,MI-31116
52399754,2093819ICI,2093819,SNGL MONITOR DESK MOUNT,MI-35111
52399758,2093753ICI,2093753,TABLET MOUNT,MI-1401
52399759,2093759ICI,2093759,DUAL MONITOR DESK STAND,MI-781
52399761,2093841ICI,2093841,SNGL MONITOR DESK MOUNT,MI-31111
52399765,2093749ICI,2093749,TILT TV WALL MOUNT,MI-2244T
52399767,2093827ICI,2093827,SNGL APPLE MONITOR DESK MOUNT,MI-33116
52399769,2093779ICI,2093779,DUAL MONITOR DESK MOUNT,MI-752
52399770,2093843ICI,2093843,SNGL MONITOR DESK MOUNT,MI-7C012
52399773,2093756ICI,2093756,TRIPLE MONITOR DESK STAND,MI-789
52399778,2093806ICI,2093806,DUAL APPLE MONITOR WALL MOUNT,MI-45114
52399779,2093825ICI,2093825,SNGL MONITOR DESK MOUNT,MI-34111
52399789,2093778ICI,2093778,TRIPLE MONITOR DESK MOUNT,MI-753
52399790,2093785ICI,2093785,LAPTOP MONITOR DESK STAND,MI-7240
52399792,2093824ICI,2093824,SNGL MONITOR WALL MOUNT,MI-34114
52399797,2093815ICI,2093815,SNGL MONITOR WALL MOUNT,MI-405
52399798,2093747ICI,2093747,TILT TV WALL MOUNT,MI-303L
52399799,2093796ICI,2093796,QUAD MONITOR DESK MOUNT,MI-63156
52399800,2093790ICI,2093790,LAPTOP TRAY DESK STAND,MI-7210
52399801,2093820ICI,2093820,SNGL MONITOR DESK MOUNT,MI-34116
52399803,2093793ICI,2093793,SNGL MONITOR DESK MOUNT,MI-705
52399807,2093755ICI,2093755,DUAL MONITOR DESK STAND,MI-792
52399818,2093784ICI,2093784,LAPTOP MONITOR DESK STAND,MI-7260
52399822,2093813ICI,2093813,DUAL MONITOR DESK MOUNT,MI-43111
52399825,2093792ICI,2093792,SNGL MONITOR DESK MOUNT,MI-706
52399826,2093829ICI,2093829,SNGL MONITOR DESK MOUNT,MI-33111
52399829,2093809ICI,2093809,DUAL MONITOR DESK MOUNT,MI-43116
53187132,2614734,2614734,TRIPLE MONITOR DESKL MOUNT,MI-52111
53187135,2632688,2632688,MONITOR MOUNTS & STANDS,MI-35111B
53187148,2632708,2632708,TABLET STANDS & MOUNTS,MI-7320
53187195,2632695,2632695,MONITOR MOUNTS & STANDS,MI-31114-BLK
53187251,2632696,2632696,MONITOR MOUNTS & STANDS,MI-848
53187292,2632700,2632700,MONITOR MOUNTS & STANDS,MI-2781
53187294,2632690,2632690,MONITOR MOUNTS & STANDS,MI-35114BLK
53187350,2614674,2614674,SINGLE MONITOR DESK MOUNT,MI-1771
53187423,2632701,2632701,MONITOR MOUNTS & STANDS,MI-45114-BLK
53187488,2614738,2614738,SINGLE MONITOR DESK MOUNT,MI-32116B
53187497,2632709,2632709,TABLET STANDS & MOUNTS,MI-7311
53187498,2614677,2614677,MONITOR STAND,MI-7262
53187532,2632684,2632684,MONITOR MOUNTS & STANDS,MI-34114BLK
53187536,2614737,2614737,DUAL MONITOR DESK MOUNT,MI-1772
53187537,2632699,2632699,MONITOR MOUNTS & STANDS,MI-429
53187554,2632716,2632716,SHELVING,MI-892
53187590,2614739,2614739,DUAL MONITOR DESK MOUNT,MI-45116B
53187602,2632685,2632685,MONITOR MOUNTS & STANDS,MI-32111 BLK
53187632,2632706,2632706,TABLET STANDS & MOUNTS,MI-7321
53187655,2632692,2632692,MONITOR MOUNTS & STANDS,MI-33111-BLK
53187661,2632687,2632687,MONITOR MOUNTS & STANDS,MI-2789
53187685,2632694,2632694,MONITOR MOUNTS & STANDS,MI-43114BLK
53187702,2614740,2614740,DUAL MONITOR DESK MOUNT,MI-45116S
53187731,2614810,2614810,SIT-STAND WORKSTATION,MI-7940
53187737,2614673,2614673,CAR LAPTOP MOUNT,MI-7410
53187749,2632698,2632698,MONITOR MOUNTS & STANDS,MI-1753
53187788,2614735,2614735,MONITOR STAND,MI-7263
53187796,2632686,2632686,MONITOR MOUNTS & STANDS,MI-45111B
53187819,2632689,2632689,MONITOR MOUNTS & STANDS,MI-2752
53187869,2607850,2607850,UNDERDESK KEYBOARD TRAY,MI-7150
53187884,2632691,2632691,MONITOR MOUNTS & STANDS,MI-33114-BLK
53187889,2614802,2614802,DUAL MONITOR DESK MOUNT,MI-1781
53187932,2632705,2632705,TABLET STANDS & MOUNTS,MI-7310
53196711,2093752,2093752,SNGL MONITOR WALL MOUNT,MI-2041
54578285,24148283,24148283,MONITOR STAND MI-7853,MI-7853
54578287,24148265,24148265,MONITOR STAND MI-6352LTMN,MI-6352LTMN
54578289,24148266,24148266,MONITOR STAND MI-7851,MI-7851
54578291,24148287,24148287,DOCKING STATION MI-2352T,MI-2352T
54578295,24148267,24148267,MONITOR MOUNT MI-7152,MI-7152
54578300,24148271,24148271,MONITOR STAND MI-7265,MI-7265
54578302,24148270,24148270,MONITOR STAND MI-7266,MI-7266
54578303,24148285,24148285,MONITOR STAND MI-7264,MI-7264
54578304,24148284,24148284,MONITOR MOUNT MI-2753,MI-2753
54578305,24148269,24148269,MONITOR STAND MI-1757,MI-1757
54578309,24148268,24148268,CPU HOLDER MI-7151,MI-7151
55363574,24148279,24148279,SIT-STAND DESK MI-7935,MI-7935
55369267,24056248,24056248,LAPTOP STAND,MI-4352LT
55369268,24288087,24288087,LAPTOP STAND,MI-7270
55369269,24056270,24056270,LAPTOP STAND,MI-7271
55369270,24056246,24056246,LAPTOP STAND,MI-7272
55369271,24056247,24056247,LAPTOP STAND,MI-7273
55369272,24056245,24056245,LAPTOP STAND,MI-4352LTMN
55376271,24425081,24425081,COMPUTER WORKSTATION,MI-7982
55376274,24425138,24425138,DUAL MONITOR MOUNT,MI-1758
55376275,24425087,24425087,MONITOR MOUNT,MI-4771
55376276,24425130,24425130,COMPUTER WALL MOUNT,MI-7989
55376279,24425109,24425109,VESA ADAPTER,MI-787
55376283,24394933,24394933,LARGE MONITOR MOUNT,MI-708
55376284,24425105,24425105,UNDER DESK DRAWER,MI-7290
55376288,24425143,24425143,POS TERMINAL,MI-3792
55376289,24425144,24425144,TV WALL MOUNT,MI-390
55376290,24425090,24425090,ARM REST,MI-7145
55376292,24425080,24425080,IPAD STAND,MI-3785
55376296,24425111,24425111,UNDER DESK DRAWER,MI-7291
55376297,24425098,24425098,PC WORKSTATION,MI-7985
55376299,24425141,24425141,MONITOR MOUNT,MI-2671
55376301,24425127,24425127,KEYBOARD TRAY,MI-7144
55376303,24425112,24425112,KEYBOARD TRAY,MI-7143
55376304,24425091,24425091,COMPUTER SHELF,MI-7987
55376305,24425089,24425089,IPAD STAND,MI-3786
55376306,24425115,24425115,TV WALL MOUNT,MI-2829
55376308,24425101,24425101,TV WALL MOUNT,MI-392
55376309,24425084,24425084,IPAD STAND,MI-3784
55376310,24425126,24425126,DUAL MONITOR MOUNT,MI-2752L
55376311,24425120,24425120,ANTI-FATIGUE MAT,MI-7160
55376312,24425133,24425133,PC WORKSTATION,MI-7986
55376314,24425125,24425125,DUAL MONITOR MOUNT,MI-3853
55376315,24425140,24425140,TV WALL MOUNT,MI-391
55376316,24425108,24425108,UNDER DESK DRAWER,MI-7293
55376318,24425121,24425121,QUAD MONITOR STAND,MI-2754
55376319,24425123,24425123,COMPUTER WORKSTATION,MI-7919
55376323,24425119,24425119,DUAL MONITOR MOUNT,MI-5762
55376324,24425139,24425139,DUAL MONITOR MOUNT,MI-2672
55376325,24425129,24425129,LAPTOP STAND,MI-7212
55376327,24425100,24425100,KEYBOARD TRAY,MI-7132
55376329,24425097,24425097,MONITOR MOUNT,MI-709
55376330,24425122,24425122,UNDER DESK DRAWER,MI-7292
55376331,24425093,24425093,DUAL MONITOR MOUNT,MI-2784
55376332,24425128,24425128,IPAD STAND,MI-3774B-XL
55376333,24425092,24425092,DUAL MONITOR MOUNT,MI-1768
55389480,24394945,24394945,CPU MOUNT,MI-7156
55389481,24394920,24394920,CUBICLE MONITOR MOUNT,MI-785
55389483,24394941,24394941,CPU MOUNT,MI-7155
55389486,24394939,24394939,KEYBOARD TRAY,MI-7138
55389487,24303065,24303065,MONITOR MOUNT,MI-765
55389488,24424434,24424434,EGONOMIC OFFICE BUNDLE,MI-STP102
55389489,24394934,24394934,KEYBOARD TRAY,MI-7139
55389490,24424440,24424440,DUAL MONITOR MOUNT,MI-2781B
55389494,24394928,24394928,DUAL MONITOR MOUNT,MI-4762
55389496,24424437,24424437,EGONOMIC OFFICE BUNDLE,MI-STP108
55389497,24394929,24394929,DUAL MONITOR MOUNT,MI-2762
55389498,24303064,24303064,MONITOR MOUNT,MI-2751
55389499,24394931,24394931,MONITOR MOUNT,MI-766
55389501,24394923,24394923,SINGLE MONITOR MOUNT,MI-4761
55389507,24394932,24394932,SINGLE MONITOR DESK MOUNT,MI-2761
55389508,24056243,24056243,MONITOR DESK MOUNT,MI-1772-BLACK
55389509,24394925,24394925,LAPTOP STAND,MI-7276
55389514,24394944,24394944,DUAL MONITOR MOUNT,MI-2772
55390490,24056241,24056241,VESA MOUNT,MI-9000
55390491,24056242,24056242,MONITOR DESK MOUNT,MI-1771-BLACK
55392558,24394936,24394936,CPU MOUNT,MI-7154
55392561,24394930,24394930,MONITOR MOUNT,MI-782
55392563,24288080,24288080,MONITOR MOUNT,MI-7917
55401227,24476954,24476954,AV SHELF MI-897,MI-897
55401228,24465889,24465889,MOUNT-IT MI-7995,MI-7995
55401229,24395070,24395070,CEILING DUAL TV MOUNT,MI-510
55401230,24465899,24465899,MOUNT-IT TV CART MI-1870,MI-1870
55401231,24465871,24465871,MOUNT-IT TV STRAPS MI-352,MI-352
55401232,24476952,24476952,SPEAKER STAND MI-SB434,MI-SB434
55401233,24465883,24465883,MOUNT-IT A/V SHELVES MI-8671,MI-8671
55401235,24465923,24465923,MOUNT-IT CPU STAND MI-7153,MI-7153
55401237,24476951,24476951,MONITOR MOUNT MI-753XL,MI-753XL
55401238,24476962,24476962,MONITOR MOUNT MI-7984,MI-7984
55401239,24476973,24476973,CEILING TV MOUNT MI-512L,MI-512L
55401241,24476942,24476942,SCREEN STAND MI-8001,MI-8001
55401242,24465897,24465897,MOUNT-IT FURN STRAPMI-351,MI-351
55401243,24465881,24465881,MOUNT-IT TV KIT MI-TVHWKIT,MI-TVHWKIT
55401244,24476950,24476950,AV SHELF MI-895,MI-895
55401245,24476955,24476955,AV SHELF MI-896,MI-896
55401246,24465862,24465862,MOUNT-IT TRIPOD STAND MI-7977,MI-7977
55401248,24395062,24395062,RECESSED TV MOUNT,MI-381
55401249,24476972,24476972,TV MOUNT MI-3030,MI-3030
55401250,24465878,24465878,MOUNT-IT BOOM ARM MI-7610,MI-7610
55401251,24465914,24465914,MOUNT-IT STAND MI-7362,MI-7362
55401252,24465864,24465864,MOUNT-IT MI-3770_G7,MI-3770B_G7
55401253,24476965,24476965,TV STAND MI-855,MI-855
55401254,24465921,24465921,MOUNT-IT ADAPTER KIT MI-788,MI-788
55401256,24465886,24465886,MOUNT-IT MOBILE CART MI-7948,MI-7948
55401257,24425099,24425099,TV WALL MOUNT,MI-13030XL
55401258,24465894,24465894,MOUNT-IT TV MOUNT MI-4481,MI-4481
55401259,24476983,24476983,TV MOUNT MI-3050,MI-3050
55401260,24465917,24465917,MOUNT-IT UNIVERSAL MI-7510,MI-7510
55401261,24476967,24476967,TV STAND MI-1860,MI-1860
55401262,24395057,24395057,TV RV MOUNT,MI-431
55401264,24395071,24395071,CEILING TV MOUNT,MI-509XL
55401265,24465893,24465893,MOUNT-IT MI-3772W_G7,MI-3772W_G7
55401266,24465865,24465865,MOUNT-IT MEDIA STAND MI-8670,MI-8670
55401267,24465872,24465872,MOUNT-IT ERGO MI-7853A,MI-7853A
55401268,24465885,24465885,MOUNT-IT ADJUSTABLE MI-2876,MI-2876
55401269,24395052,24395052,VERTICAL PORTRAIT MOUNT,MI-377
55401270,24465892,24465892,MOUNT-IT TV MOUNT MI-387,MI-387
55401271,24465910,24465910,MOUNT-IT TV MOUNT MI-384,MI-384
55401272,24465895,24465895,MOUNT-IT ENCLOSURE MI-3774_G7,MI-3774W_G7
55401273,24465918,24465918,MOUNT-IT MI-7136,MI-7136
55401274,24476975,24476975,CEILING TV MOUNT MI-512B,MI-512B
55401275,24465873,24465873,MOUNT-IT SECURE MI-3771_G7,MI-3771W_G7
55401277,24465887,24465887,MOUNT-IT HEIGHT MI-7854A,MI-7854A
55401278,24395066,24395066,TILTING TV MOUNT,MI-203T
55401279,24476988,24476988,TV MOUNT MI-3030XL,MI-3030XL
55401280,24476956,24476956,TABLET KIOSK MI-3788B,MI-3788B
55401281,24465869,24465869,MOUNT-IT MONITOR CLIP MI-9005,MI-9005
55401282,24465907,24465907,MOUNT-IT TV MOUNT MI-485C,MI-485C
55401284,24476960,24476960,MONITOR STAND MI-7365,MI-7365
55401285,24476981,24476981,MONITOR STAND MI-7364,MI-7364
55401286,24465868,24465868,MOUNT-IT STAND MI-7361,MI-7361
55401288,24465905,24465905,MOUNT-IT SCREEN MI-640,MI-640
55401290,24476944,24476944,TABLET KIOSK MI-3788W,MI-3788W
55401291,24424436,24424436,EGONOMIC OFFICE BUNDLE,MI-STP109
55401292,24465867,24465867,MOUNT-IT SECURE MI-3770_G7,MI-3770W_G7
55401293,24465875,24465875,MOUNT-IT! MI-3772_G7,MI-3772B_G7
55401294,24465882,24465882,MOUNT-IT DUAL STAND MI-7996,MI-7996
55401296,24476979,24476979,LAPTOP TRAY MI-5352T,MI-5352T
55401297,24465908,24465908,MOUNT-IT MOUNT MI-385,MI-385
55401298,24476953,24476953,TV MOUNT MI-386,MI-386
55401300,24465924,24465924,MOUNT-IT MI-7147,MI-7147
55401301,24465926,24465926,MOUNT-IT RISER MI-7267,MI-7267
55401302,24465902,24465902,MOUNT-IT VESA KIT MI-791,MI-791
55401303,24465920,24465920,MOUNT-IT STAND MI-7363,MI-7363
55401304,24465925,24465925,MOUNT-IT VESA KIT MI-790,MI-790
55401305,24056250,24056250,SPEAKER WALL MOUNT,MI-SB37
55401306,24394921,24394921,LAPTOP STAND,MI-7275
55401307,24465919,24465919,MOUNT-IT TRIPLE MON MI-2789XL,MI-2789XL
55401308,24465888,24465888,MOUNT-IT SECURE MI-3771_G7,MI-3771B_G7
55401310,24465874,24465874,MOUNT-IT TV MOUNT MI-382,MI-382
55401311,24476948,24476948,SPEAKER STAND MI-SB454,MI-SB454
55401312,24465904,24465904,MOUNT-IT CART MI-7855A,MI-7855A
55401314,24465891,24465891,MOUNT-IT STANDING CART MI-7975,MI-7975
55401315,24465896,24465896,MOUNT-IT ENCLOSURE MI-3774_G7,MI-3774B_G7
55401316,24476987,24476987,MONITOR MOUNT MI-4772,MI-4772
55401318,24476970,24476970,TV MOUNT MI-3050XL,MI-3050XL
55403981,24479661,24479661,STANDING DESK CONVERTER,MI-7983
55403982,24479662,24479662,STANDING DESK CONVERTER,MI-7951
55413708,24503009,24503009,MI ROLL LAPTOP STAND,MI-8020
55413709,24503028,24503028,FULL MOTION ARM MOUNT,MI-75816
55413710,24503025,24503025,LAPTOP MNT W/ USB COOL FAN,MI-75806
55413773,24503032,24503032,TABLE PROJ STAND,MI-610
55413774,24503016,24503016,PROJ TRIPOD STAND,MI-611
55413775,24503027,24503027,FM IPAD COUNTER/WALL MOUNT,MI-3789
55413776,24503019,24503019,POS TERMINAL STAND -VERI VX520,MI-3793
55413778,24503024,24503024,UNIVERSAL POS TERMINAL STAND,MI-3794
55414130,24503021,24503021,MI LAPTOP/NOTEBOOK DESK MNT,MI-75906
55414131,24504683,24504683,TABLET KIOSK,MI-3785-DS
55414132,24503010,24503010,MI KEYBOARD PLATFORM,MI-7146
55414133,24504682,24504682,TABLET CAR MOUNT,MI-7321-DS
55415676,24507514,24507514,MONITOR RISER W/ STORAGE,MI-7365W
55419321,24503005,24503005,DUAL MON WALL MNT WS,MI-7992
55419323,24503036,24503036,TRIP MONITOR MNT W/GAS SA,MI-4753B
55419324,24503030,24503030,MI POS MONITOR MOUNT,MI-3795
55419325,24503023,24503023,ADJ MONITOR WALL MNT,MI-3753
55419326,24503007,24503007,ADJ POS MONITOR MOUNT,MI-3796
55419329,24503026,24503026,MON WALL MNT WS,MI-7991
55419333,24503031,24503031,DUAL MON WALL MOUNT,MI-1766B
55419334,24504684,24504684,MONITOR STAND,MI-7262-DS
55421579,24520483,24520483,ALL IN ONE SINGLE,MI-481
55421580,24520484,24520484,ALL IN ONE DUAL,MI-482
55459474,24592374,24592374,UNIVERSAL IPAD KIOSK W CABINET,MI-3880B_G10
55459475,24592361,24592361,UNIVERSAL IPAD KIOSK BLK,MI-3770W_G10
55459476,24592369,24592369,UNIVERSAL IPAD WALL MOUNT BLK,MI-3772B_G10
55459477,24592368,24592368,UNIVERSAL IPAD HT ADJ KIOSK,MI-3783_G10
55459478,24590916,24590916,UL HD FULL MOT TV WALL MOUNT,MI-14003
55459479,24592370,24592370,UNIVERSAL IPAD KIOSK WHT,MI-3770B_G10
55459480,24592367,24592367,UNIVERSAL IPAD STAND WHT,MI-3775W_G10
55459481,24592364,24592364,UNIVERSAL IPAD MOUNT ARM BLK,MI-3774B_G10
55459482,24590920,24590920,UL TILTING TV WALL MOUNT,MI-14004
55459483,24592365,24592365,UNIVERSAL IPAD CT STAND BLK,MI-3771B_G10
55459484,24592363,24592363,UNIVERSAL IPAD STAND BLK,MI-3775B_G10
55459485,24592373,24592373,UNIVERSAL IPAD CT STAND WHT,MI-3771W_G10
55459486,24592371,24592371,UNIVERSAL IPAD WALL MOUNT WHT,MI-3772W_G10
55459487,24592362,24592362,UNIVERSAL IPAD MOUNT ARM WHT,MI-3774W_G10
55459488,24590915,24590915,UL FULL-MOTION TV WALL MOUNT,MI-14002
55462256,24596732,24596732,ROTATING CPU MOUNT LARGE,MI-7171
55462257,24596731,24596731,SLIDING CPU MOUNT W SWIVEL,MI-7172
55462258,24596730,24596730,ROTATING CPU MOUNT SLIM,MI-7170
55467646,24503037,24503037,QUAD TV CEILING MOUNT,MI-514
55467647,24503020,24503020,FM TV MOUNT,MI-394
55467648,24600544,24600544,MOUNT-IT! FULL MOT TV WALL MNT,MI-14010
55470990,24503696,24503696,COMM POP-OUT WALL MOUNT,MI-20414
55470991,24503038,24503038,UNIV TABLE TOP TV STAND,MI-859
55470992,24503703,24503703,QUAD-SCRN SQUARE CEILING MOUNT,MI-20121
55470993,24588274,24588274,RETRACTABLE CEILING TV MOUNT,MI-4224
55470994,24588278,24588278,MOTORIZED FIREPLACE TV MOUNT,MI-386W
55470995,24503033,24503033,FM TV MOUNT W/40-INCH EXT,MI-393
55470996,24503008,24503008,TV WALL MOUNT W/STB ENCLOSURE,MI-389
55470997,24503018,24503018,FIXED TV MOUNT  MI-306,MI-306
55470998,24600537,24600537,MOUNT-IT! NO STUD SOUND BAR MT,MI-SB60
55470999,24503022,24503022,RV CAMPER TV MOUNT  MI-432,MI-432
55471000,24590921,24590921,UNIVERSAL SOUNDBAR MOUNT,MI-SB50
55471001,24600547,24600547,MOUNT-IT! FIREPLACE TV MNT BLK,MI-395
55471002,24395073,24395073,FIXED TV MOUNT,MI-203
55471003,24600545,24600545,MOUNT-IT! UNDER CABINET TV MNT,MI-4200
55471004,24600542,24600542,MOUNT-IT! TV CEILING MNT BLK,MI-4225
55471005,24590918,24590918,MOUNTING BRACKET FOR SONOS ARC,MI-SB52
55471006,24588276,24588276,FULL-MOTION CEILING TV MOUNT,MI-509B_WHT
55471007,24600535,24600535,MOUNT-IT! ROTATING TV WALL MNT,MI-1246F
55471008,24600539,24600539,MOUNT-IT! STREAM DEVICE MOUNT,MI-356
55471009,24503039,24503039,TRIPLE TV CEILING MOUNT,MI-515
55471010,24600540,24600540,MOUNT-IT! TV CEILING MNT WHT,MI-4225WHT
55471011,24590917,24590917,MOUNTING SHELF FOR SONOS BEAM,MI-SB45
55471012,24600543,24600543,MOUNT-IT! SPEAKER STANDS 2PK,MI-1232
55471013,24503011,24503011,M8 SCREWS - SAMSUNG TV,MI-M8KIT
55471014,24503029,24503029,LOW PROFILE TV MOUNT - 32-55,MI-3030NB
55471015,24056257,24056257,PORTABLE TV STAND,MI-879
55471016,24600538,24600538,MOUNT-IT! OUTDOOR TV WALL MNT,MI-396
55471017,24288071,24288071,TV STAND,MI-874
55471018,24590919,24590919,MOUNTING SHELF FOR SONOS BEAM,MI-SB44
55471019,24588277,24588277,RETRACTABLE CEILING TV MOUNT,MI-4224W
55471020,24588275,24588275,RETRACTABLE CEILING TV MOUNT,MI-4223W
55471021,24600541,24600541,MOUNT-IT! PROJECTOR MOUNT,MI-604W
55471022,24588273,24588273,ULTRA-SLIM TILTING TV MOUNT,MI-307
55471023,24600548,24600548,MOUNT-IT! HD TILT TV WALL MNT,MI-14009
53187388,2614794,2614794,SPEAKER STANDS,MI-1214S
53187621,2614795,2614795,SPEAKER MOUNTS,MI-SB39
54578292,24148263,24148263,HAND TRUCK MI-904,MI-904
55363787,24056255,24056255,MOUNT-IT! FOLDING HAND TRUCK A,MI-901
55363792,24056256,24056256,MOUNT-IT! FOLDING HAND TRUCK A,MI-902
55430537,24534111,24534111,FOLDING LUGGAGE CART AND DOLLY,MI-912
55430538,24534109,24534109,SMALL PLATFORM MOVER DOLLY,MI-926
55430539,24534108,24534108,FOLDABLE FLATBED SWIVEL WHEELS,MI-920
55430543,24534116,24534116,STAIR CLIMBER HAND TRUCK,MI-924
55430545,24534118,24534118,HD FLATBED SWIVLE WHEELS,MI-921
55376928,24429646,24429646,"Mount-It! ErgoActive Lumbar Support Cushion with Straps, Breathable Mesh Cover, Gray (MI-1013)",MI-1013
55347303,24288077,24288077,"Mount-It! 32""W Manual Adjustable Standing Desk Converter, Black (MI-7929)",MI-7929
55376926,24429644,24429644,SEAT CUSHION,MI-1101
53187602,2632685,2632685,MONITOR MOUNTS & STANDS,MI-32111-BLK
53187884,2632691,2632691,MONITOR MOUNTS & STANDS,MI-33114-BLK)
2614784,,,,MI-1121L
24600546,,,,MI-14008
24617562,,,,MI-15011
24608958,,,,MI-16001
24608952,,,,MI-16002
24608960,,,,MI-16003
24608970,,,,MI-16004
24608963,,,,MI-16015
24608953,,,,MI-16016
24608957,,,,MI-16017
24608966,,,,MI-16018
24608954,,,,MI-16025
24608961,,,,MI-16026
24608968,,,,MI-16027
24608955,,,,MI-16028
24591124,,,,MI-18077
24591130,,,,MI-18079
24591126,,,,MI-18080
24591127,,,,MI-18097
24591125,,,,MI-18106
24520137,,,,MI-18118
2093833,,,,MI-321116
24503034,,,,MI-1877
24617637,,,,MI-2829XL
24625971,,,,MI-309
2093744,,,,MI-310L
24625974,,,,MI-311
2632695,,,,MI-31114_BLK
2632691,,,,MI-33114_BLK
24148264,,,,MI-350
24395054,,,,MI-363
24395069,,,,MI-367
2632748,,,,MI-3991XL
24625972,,,,MI-4112
2614746,,,,MI-4211
24625973,,,,MI-444BLK
24625975,,,,MI-445
2093740,,,,MI-326B
2607844,,,,TS-458
2632686,,,,MI-45111-BLK
24592366,,,,MI-4881
24592372,,,,MI-4882
2614752,,,,MI-501L
24148286,,,,MI-6352LT
24429647,,,,MI-1201
2093794,,,,MI-65156
2632688,,,,MI-35111_BLK
24617636,,,,MI-7284
24600536,,,,MI-7285
24425124,,,,MI-453
24056263,,,,MI-7940B
24288078,,,,MI-7942B
24493596,,,,MI-7998
24598110,,,,MI-8040
24598111,,,,MI-8045
2614731,,,,MI-8402
24534113,,,,MI-913
24534110,,,,MI-927
24534112,,,,MI-928
24626921,,,,MI-943
24597226,,,,TS-7009
24626678,,,,TS-7010
24626679,,,,TS-7011
24534107,,,,WI-4010