ABSOLUTE_NUM,VITEM_MODEL_NUM
55462950,MI-8010
52399734,MI-305B
53196711,MI-2041
52399807,MI-792
52399759,MI-781
52399789,MI-753
52399769,MI-752
52399725,MI-7211
52399800,MI-7210
52399825,MI-706
52399710,MI-604
52399778,MI-45114
52399743,MI-45111
52399747,MI-404
52399727,MI-31114
52399728,MI-1752
55363573,MI-7804
55390490,MI-9000
55390491,MI-1771-BLACK
55389508,MI-1772-BLACK
55369271,MI-7273
55369267,MI-4352LT
55471015,MI-879
55363785,MI-7905
55369269,MI-7271
54578295,MI-7152
54578305,MI-1757
54578288,MI-7818
54578293,MI-7817
54578308,MI-7926
54578307,MI-7934
54578296,MI-7906
54578294,MI-7943
54578304,MI-2753
54578291,MI-2352T
55347305,MI-7916
55363784,MI-7925
55392563,MI-7917
55369268,MI-7270
55389498,MI-2751
55389487,MI-765
55389481,MI-785
55389501,MI-4761
55389509,MI-7276
55389494,MI-4762
55389497,MI-2762
55392561,MI-782
55389499,MI-766
55389507,MI-2761
55376283,MI-708
55389489,MI-7139
55389504,MI-7808
55389503,MI-7807
55389514,MI-2772
55389480,MI-7156
55389490,MI-2781B
55376292,MI-3785
55376271,MI-7982
55376320,MI-7972B
55376309,MI-3784
55376307,MI-7972
55376275,MI-4771
55376305,MI-3786
55376290,MI-7145
55376304,MI-7987
55376333,MI-1768
55376331,MI-2784
55376329,MI-709
55376297,MI-7985
55376327,MI-7132
55376308,MI-392
55376302,MI-7970B
55376284,MI-7290
55376316,MI-7293
55376279,MI-787
55376296,MI-7291
55376303,MI-7143
55376306,MI-2829
55376323,MI-5762
55376311,MI-7160
55376318,MI-2754
55376330,MI-7292
55376319,MI-7919
55376310,MI-2752L
55376301,MI-7144
55376325,MI-7212
55376294,MI-7280
55376312,MI-7986
55376278,MI-7970
55376274,MI-1758
55376324,MI-2672
55376315,MI-391
55376299,MI-2671
55376289,MI-390
55376334,MI-7281
55401252,MI-3770B_G7
55401292,MI-3770W_G7
55401286,MI-7361
55401281,MI-9005
55401275,MI-3771W_G7
55401293,MI-3772B_G7
55401294,MI-7996
55401256,MI-7948
55401308,MI-3771B_G7
55401228,MI-7995
55401314,MI-7975
55401265,MI-3772W_G7
55401272,MI-3774W_G7
55401315,MI-3774B_G7
55401302,MI-791
55401312,MI-7855A
55401251,MI-7362
55401260,MI-7510
55401307,MI-2789XL
55401303,MI-7363
55401254,MI-788
55401235,MI-7153
55401304,MI-790
55401301,MI-7267
55401290,MI-3788W
55401237,MI-753XL
55401280,MI-3788B
55401284,MI-7365
55401238,MI-7984
55401285,MI-7364
55401316,MI-4772
55408773,MI-7998B
55419321,MI-7992
55419326,MI-3796
55414132,MI-7146
55419331,MI-7282
55413776,MI-3793
55414130,MI-75906
55419325,MI-3753
55413778,MI-3794
55413710,MI-75806
55419329,MI-7991
55413709,MI-75816
55419324,MI-3795
55419333,MI-1766B
55419323,MI-4753B
53187632,MI-7321-DS
55415676,MI-7365W
55449078,MI-8053
55449076,MI-15005
55449079,MI-8054
55446595,MI-15007
55449077,MI-8052
55449075,MI-15006
55442669,MI-15004
55442671,MI-15003
55442670,MI-15002
55442673,MI-15001
55467642,MI-15010
55447547,MI-7281B
55456394,MI-7979W
55480807,MI-15004CNT
55464413,MI-7856
55457111,MI-1107
55457112,MI-1105
55457113,MI-1106
55457109,MI-1103
55457110,MI-1104
55467645,MI-7857
53187433,MI-868
53187350,MI-1771
53187498,MI-7262
53187174,MI-509B
53187502,MI-8402
53187132,MI-52111
53187536,MI-1772
52399729,MI-45116S
53187442,MI-4211
53187881,MI-893
53187450,MI-4151
53187799,MI-8401
53187562,MI-305L
53187500,MI-1121M
53187396,MI-891
53187375,MI-509L
53187621,MI-SB39
53187827,MI-526
53187731,MI-7940
53187819,MI-2752
53187537,MI-429
53187932,MI-7310
53187148,MI-7320
53187554,MI-892
53187734,MI-878
53187935,MI-849
53187335,MI-426
52399715,MI-821
52399806,MI-813
52399712,MI-501B
52399741,MI-411L
52399815,MI-346L
52399751,MI-326L
52399744,MI-326B
52399785,MI-319B
52399788,MI-318L
52399731,MI-318B
52399714,MI-310L
52399798,MI-303L
52399764,MI-303B
52399765,MI-2244T
52399782,MI-2065L
52399774,MI-2041L
52399773,MI-789
52399722,MI-751
52399718,MI-732
52399818,MI-7260
52399790,MI-7240
52399803,MI-705
52399787,MI-65156
52399799,MI-63156
52399828,MI-605
52399794,MI-4601
52399829,MI-43116
52399805,MI-43114A
52399736,MI-43114
52399822,MI-43111
52399797,MI-405
52399750,MI-35116
52399709,MI-35114
52399754,MI-35111
52399801,MI-34116
52399792,MI-34114
52399779,MI-34111
52399767,MI-33116
52399726,MI-33114
52399826,MI-33111
2093833,MI-321116
52399740,MI-32111
52399753,MI-31116
52399761,MI-31111
52399770,MI-7C012
55363575,MI-7802
55363576,MI-7803
55363775,MI-7941
55363788,MI-7942
55363783,MI-7904
55369272,MI-4352LTMN
55369270,MI-7272
55401305,MI-SB37
55363787,MI-901
55363792,MI-902
55363779,MI-7903
55363791,MI-7931
55363571,MI-7940-BLACK
55363572,MI-7913
55347302,MI-7914
55363786,MI-7915
54578292,MI-904
54578301,MI-350
54578287,MI-6352LTMN
54578289,MI-7851
54578309,MI-7151
54578302,MI-7266
54578300,MI-7265
54578298,MI-7927E
55363574,MI-7935
54578290,MI-908
54578297,MI-7854
54578285,MI-7853
54578303,MI-7264
54578306,MI-6352LT
55363776,MI-7937
55363789,MI-7932
55347303,MI-7929BLK
55363777,MI-7942BLK
55389513,MI-4110
55389511,MI-2042
55401255,MI-847
55363780,MI-7135
55363778,MI-7945
55369273,MI-7801
55419322,TS-6608
55419336,TS-6540
55404560,MI-7946
55404564,MI-7929BRN
55404559,MI-7955
55404561,MI-7952
55401306,MI-7275
55392558,MI-7154
55389486,MI-7138
55389483,MI-7155
55389505,MI-407-1
55401269,MI-377
55389495,MI-372
55401289,MI-363
55397035,MI-1875
55401262,MI-431
55389484,MI-361
55401248,MI-381
55389485,MI-4223
55401278,MI-203T
55397030,MI-1876
55389492,MI-430
55401299,MI-367
55401229,MI-510
55401264,MI-509XL
55389510,MI-2042L
55471002,MI-203
55389488,MI-STP102
55401291,MI-STP109
55389496,MI-STP108
55376277,MI-376
55376282,MI-4152
55376322,MI-411
55401257,MI-13030XL
55376280,MI-13050XL
55376313,MI-894
55376300,MI-319L
55376287,MI-854
55376291,MI-630
55376321,MI-453
55376314,MI-3853
55376332,MI-3774B-XL
55376276,MI-7989
55376295,MI-383
55376288,MI-3792
55376926,CL-1101
55376928,LU-1013
55376927,CL-1201
55391269,MI-9010
55391270,MI-9011
55391271,MI-9012
55391272,MI-9013
55401246,MI-7977
55401266,MI-8670
55401231,MI-352
55401267,MI-7853A
55401310,MI-382
55401250,MI-7610
55401243,MI-TVHWKIT
55401233,MI-8671
55401268,MI-2876
55401277,MI-7854A
55401270,MI-387
55401258,MI-4481
55401242,MI-351
55401230,MI-1870
55401288,MI-640
55401282,MI-485C
55401297,MI-385
55401271,MI-384
55401273,MI-7136
55401300,MI-7147
55397040,MI-7926VER
55401241,MI-8001
55401287,MI-310B24
55401311,MI-SB454
55401244,MI-895
55401232,MI-SB434
55401298,MI-386
55401227,MI-897
55401245,MI-896
55401253,MI-855
55401261,MI-1860
55401318,MI-3050XL
55401249,MI-3030
55401239,MI-512L
55401236,MI-513L
55401274,MI-512B
55401296,MI-5352T
55401259,MI-3050
55401279,MI-3030XL
55399607,MI-7925VER
55403981,MI-7983
55403982,MI-7951
55404571,MI-7962
55404572,MI-7971
55404563,MI-7997
55404562,MI-7957
55404566,MI-7999
55404565,MI-7969
55404568,MI-7981
55408774,MI-8050
55412755,MI-909
55412753,MI-910
55412752,WI-3003
55412756,WI-3002
55415964,WI-3001
55413175,MI-10201
55413174,MI-10211
55413172,MI-10202
55413173,MI-10203
55470999,MI-432
55413775,MI-3789
55471014,MI-3030NB
55413773,MI-610
55470995,MI-393
55481107,MI-1877
55467646,MI-514
55470991,MI-859
55471009,MI-515
55414404,MI-7161
55414421,MI-7162
55416763,MI-7860
55416764,MI-7858
55436210,MI-7861
55436207,MI-7862
55436220,MI-18063
55436221,MI-18064
55436222,MI-18062
55436211,MI-18066
55436214,MI-18071
55436216,MI-18065
55436223,MI-18067
55436218,MI-18069
55436224,MI-18070
55436212,MI-18060
55436209,MI-18068
55436219,MI-18061
55421579,MI-481
55421580,MI-482
55425286,MI-7962C
55425285,MI-7927EC
55440360,MI-905
55440357,MI-906
55440359,WI-4030
55440358,WI-4031
55440362,WI-4010
55430539,MI-920
55430538,MI-926
55430544,MI-927
55430537,MI-912
55430541,MI-928
55430542,MI-913
55440361,WI-4012
55441032,MI-923
55430543,MI-924
55441031,MI-907
55430545,MI-921
55441024,MI-907S
55430540,MI-925
53187117,TS-458
53187869,MI-7150
53187115,MI-875
53187868,MI-876
53187737,MI-7410
53187108,MI-867
53187617,MI-502B
53187709,MI-TLT3-80
53187788,MI-7263
53187488,MI-32116B
53187590,MI-45116B
53187647,MI-3990
53187596,MI-345
53187272,MI-501L
53187506,MI-844
53187495,MI-484C
53187086,MI-843
53187325,MI-863
53187742,MI-802
53187340,MI-4222
53187242,MI-507
53187735,MI-801
53187830,MI-1131L
53187492,MI-1121L
53187860,MI-104
53187388,MI-1214S
53187640,TS-7006
53187503,TS-7005
53187889,MI-1781
53187873,MI-873
53187611,MI-870
53187194,MI-846
53187532,MI-34114BLK
53187602,MI-32111 BLK
53187796,MI-45111B
53187661,MI-2789
53187135,MI-35111B
53187294,MI-35114BLK
53187884,MI-33114-BLK
53187655,MI-33111-BLK
53187685,MI-43114BLK
53187195,MI-31114-BLK
53187251,MI-848
53187749,MI-1753
53187292,MI-2781
53187423,MI-45114-BLK
53187497,MI-7311
53187113,MI-606B
53187165,MI-608
53187918,MI-606S
53187504,MI-606L
53187151,MI-508
53187458,MI-780
53187637,MI-4471
53187322,MI-3991B
53187762,MI-506
53187175,MI-3991XL
53187208,MI-SB41
53187751,MI-442
53187363,MI-3991L
55459479,MI-3770B_G10
55459475,MI-3770W_G10
55459483,MI-3771B_G10
55459485,MI-3771W_G10
55459476,MI-3772B_G10
55459486,MI-3772W_G10
55459481,MI-3774B_G10
55459487,MI-3774W_G10
55459484,MI-3775B_G10
55459480,MI-3775W_G10
55459477,MI-3783_G10
55459474,MI-3880B_G10
55496986,MI-3880W_G10
55471011,MI-SB45
55471005,MI-SB52
55471018,MI-SB44
55471000,MI-SB50
55459488,MI-14002
55459478,MI-14003
55459482,MI-14004
55480470,MI-18079
55480471,MI-18080
55480469,MI-18097
55467644,MI-18087
55480808,MI-18077
55460681,MI-18114
55464414,MI-18082
55480809,MI-18106
55481109,MI-4881
55481112,MI-4882
55462258,MI-7170
55462256,MI-7171
55462257,MI-7172
55462951,MI-8011
55462952,MI-8012
55470993,MI-4224
55471020,MI-4223W
55471019,MI-4224W
55470994,MI-386W
55474097,TS-7009
55467643,MI-7811
55436220,MI-18118
55477407,MI-943
52399823,MI-75821
52399821,MI-75826
52399730,MI-75921
53187798,MI-75811
52399804,MI-75911
52399713,MI-75916
55480472,MI-8045
55480474,MI-8040
55464325,MI-7149
55463663,MI-7294BLK
55463662,MI-7294WHT
55467648,MI-14010
55471017,MI-874
55376286,MI-374
52399777,MI-75926
52399757,MI-63151
52399716,MI-65151
52399755,MI-55111
52399752,MI-55116
53187757,MI-75801
53187691,MI-75901
53187137,MI-803
53187397,MI-7920
55363773,MI-7928
55467123,MI-15009L
55466943,MI-15009
55466938,MI-15009S
55467124,MI-15006S
52399758,MI-1401
55471022,MI-307
55471006,MI-509B_WHT
55471007,MI-1246F
55481108,MI-7285
55470998,MI-SB60
55471016,MI-396
55471008,MI-356
55471010,MI-4225WHT
55471021,MI-604W
55471004,MI-4225
55471012,MI-1232
55471003,MI-4200
55490582,MI-14008
55471001,MI-395
55471023,MI-14009
55477049,MI-16002
55477047,MI-16016
55477040,MI-16025
55477048,MI-16028
55477044,MI-16017
55477042,MI-16001
55477038,MI-16003
55477046,MI-16026
55477043,MI-16015
55477039,MI-16018
55477041,MI-16027
55477045,MI-16004
53187089,TS-453
53187858,MI-344
53187431,MI-FLT5-60
53187188,MI-343
53187474,MI-342
55465356,MI-1377
55389482,mi-7809
53187812,MI-28
53187882,MI-SB03
53187806,MI-28B
52399717,MI-768
53187232,MI-864
55376926,MI-1101
55470396,MI-18121
55470393,MI-18122
55470397,MI-18125
55470392,MI-18126
55470394,MI-18123
55470391,MI-18124
55481110,MI-7284
55481111,MI-2829XL
55480473,MI-15011
55476738,TS-7010
55476739,TS-7011
55490583,MI-309
55490585,MI-4112
55490584,MI-444BLK
55490586,MI-311
55490581,MI-445
55493750,MI-1765LT
55493749,MI-7158
55493748,MI-528
55497017,MI-2758
55496994,MI-2757
55497027,MI-1706BLK
55497004,MI-1706WHT
55497015,MI-1881BLK
55497009,MI-1882BLK
55496989,MI-4891
55497000,MI-12009
55496983,MI-12010
55493751,MI-7314
55497014,MI-3872B
55497034,MI-3882BLK
55496995,MI-3882WHT
55497019,MI-3881BLK
55497023,MI-3881WHT
55497025,MI-3871B
55497022,MI-3884B
55497001,MI-3883B_G10
55497007,MI-3883W_G10
55497031,MI-3885B
55497032,MI-3886B
55494023,MI-16029
55494024,MI-16030
55496964,MI-8035
55496965,MI-8036
55496963,MI-8037
55496961,MI-8038
55497002,MI-15016
55496996,MI-15017
55497020,MI-15018
55496987,MI-15024
55497013,MI-15025
55497012,MI-15026
55497028,MI-15027
55496985,MI-15028
55497006,MI-15029
55496991,MI-8046
55497029,MI-7997BLK
55496990,MI-7301BLK
55497005,MI-7301WHT
55497026,MI-7302BLK
55497003,MI-7302WHT
55496998,MI-7180
55497011,MI-7181
55497021,MI-7958A
55496960,MI-7250
55496962,MI-7251
55494080,MI-631WHT
55494081,MI-631BLK
55496992,MI-630BLK
55497018,MI-4226WHT
55496984,MI-4226BLK
55497008,MI-6524
55496982,MI-400
55497024,MI-2303L
55496997,MI-511
55497010,MI-302
55496993,MI-390XL
55496999,MI-391XL
55496988,MI-397
55497030,MI-509LWHT
55497033,MI-7611
55497016,MI-7612
55493750,MI-1765LT
55493749,MI-7158
55493748,MI-528
55497017,MI-2758
55496994,MI-2757
55497027,MI-1706BLK
55497004,MI-1706WHT
55497015,MI-1881BLK
55497009,MI-1882BLK
55496989,MI-4891
55497000,MI-12009
55496983,MI-12010
55493751,MI-7314
55497014,MI-3872B
55497034,MI-3882BLK
55496995,MI-3882WHT
55497019,MI-3881BLK
55497023,MI-3881WHT
55497025,MI-3871B
55497022,MI-3884B
55497001,MI-3883B_G10
55497007,MI-3883W_G10
55497031,MI-3885B
55497032,MI-3886B
55494023,MI-16029
55494024,MI-16030
55496964,MI-8035
55496965,MI-8036
55496963,MI-8037
55496961,MI-8038
55497002,MI-15016
55496996,MI-15017
55497020,MI-15018
55496987,MI-15024
55497013,MI-15025
55497012,MI-15026
55497028,MI-15027
55496985,MI-15028
55497006,MI-15029
55496991,MI-8046
55497029,MI-7997BLK
55496990,MI-7301BLK
55497005,MI-7301WHT
55497026,MI-7302BLK
55497003,MI-7302WHT
55496998,MI-7180
55497011,MI-7181
55497021,MI-7958A
55496960,MI-7250
55496962,MI-7251
55494080,MI-631WHT
55494081,MI-631BLK
55496992,MI-630BLK
55497018,MI-4226WHT
55496984,MI-4226BLK
55497008,MI-6524
55496982,MI-400
55497024,MI-2303L
55496997,MI-511
55497010,MI-302
55496993,MI-390XL
55496999,MI-391XL
55496988,MI-397
55497030,MI-509LWHT
55497033,MI-7611
55497016,MI-7612
55496986,MI-3880W_G10
55470997,MI-306
55467647,MI-394