Parent Sku,Marketplace SKU,SKU
MI-8010,MI-8010,24596723
MI-305B,MI-305B,2093746
MI-2041,MI-2041,2093752
MI-792,MI-792,2093755
MI-781,MI-781,2093759
MI-753,MI-753,2093778
MI-752,MI-752,2093779
MI-7211,MI-7211,2093789
MI-7210,MI-7210,2093790
MI-706,MI-706,2093792
MI-604,MI-604,2093799
MI-45114,MI-45114,2093806
MI-45111,MI-45111,2093807
MI-404,MI-404,2093816
MI-31114,MI-31114,2093839
MI-1752,MI-1752,2093842
MI-7804,MI-7804,24056230
MI-9000,MI-9000,24056241
MI-1771B,MI-1771-BLACK,24056242
MI-1772B,MI-1772-BLACK,24056243
MI-7273,MI-7273,24056247
MI-4352LT,MI-4352LT,24056248
MI-879,MI-879,24056257
MI-7905,MI-7905,24056260
MI-7271,MI-7271,24056270
MI-7152,MI-7152,24148267
MI-1757,MI-1757,24148269
MI-7818,MI-7818,24148272
MI-7817,MI-7817,24148273
MI-7926,MI-7926,24148275
MI-7934,MI-7934,24148276
MI-7906,MI-7906,24148278
MI-7943,MI-7943,24148280
MI-2753,MI-2753,24148284
MI-2352T,MI-2352T,24148287
MI-7916,MI-7916,24192239
MI-7925,MI-7925,24288072
MI-7917,MI-7917,24288080
MI-7270,MI-7270,24288087
MI-2751,MI-2751,24303064
MI-765,MI-765,24303065
MI-785,MI-785,24394920
MI-4761,MI-4761,24394923
MI-7276,MI-7276,24394925
MI-4762,MI-4762,24394928
MI-2762,MI-2762,24394929
MI-782,MI-782,24394930
MI-766,MI-766,24394931
MI-2761,MI-2761,24394932
MI-708,MI-708,24394933
MI-7139,MI-7139,24394934
MI-7808,MI-7808,24394935
MI-7807,MI-7807,24394940
MI-2772,MI-2772,24394944
MI-7156,MI-7156,24394945
MI-2781B,MI-2781B,24424440
MI-3785,MI-3785,24425080
MI-7982,MI-7982,24425081
MI-7972B,MI-7972B,24425082
MI-3784,MI-3784,24425084
MI-7972,MI-7972,24425086
MI-4771,MI-4771,24425087
MI-3786,MI-3786,24425089
MI-7145,MI-7145,24425090
MI-7987,MI-7987,24425091
MI-1768,MI-1768,24425092
MI-2784,MI-2784,24425093
MI-709,MI-709,24425097
MI-7985,MI-7985,24425098
MI-7132,MI-7132,24425100
MI-392,MI-392,24425101
MI-7970B,MI-7970B,24425103
MI-7290,MI-7290,24425105
MI-7293,MI-7293,24425108
MI-787,MI-787,24425109
MI-7291,MI-7291,24425111
MI-7143,MI-7143,24425112
MI-2829,MI-2829,24425115
MI-5762,MI-5762,24425119
MI-7160,MI-7160,24425120
MI-2754,MI-2754,24425121
MI-7292,MI-7292,24425122
MI-7919,MI-7919,24425123
MI-2752L,MI-2752L,24425126
MI-7144,MI-7144,24425127
MI-7212,MI-7212,24425129
MI-7280,MI-7280,24425132
MI-7986,MI-7986,24425133
MI-7970,MI-7970,24425137
MI-1758,MI-1758,24425138
MI-2672,MI-2672,24425139
MI-391,MI-391,24425140
MI-2671,MI-2671,24425141
MI-390,MI-390,24425144
MI-7281,MI-7281,24427397
MI-3770B_G7,MI-3770B_G7,24465864
MI-3770W_G7,MI-3770W_G7,24465867
MI-7361,MI-7361,24465868
MI-9005,MI-9005,24465869
MI-3771W_G7,MI-3771W_G7,24465873
MI-3772B_G7,MI-3772B_G7,24465875
MI-7996,MI-7996,24465882
MI-7948,MI-7948,24465886
MI-3771B_G7,MI-3771B_G7,24465888
MI-7995,MI-7995,24465889
MI-7975,MI-7975,24465891
MI-3772W_G7,MI-3772W_G7,24465893
MI-3774W_G7,MI-3774W_G7,24465895
MI-3774B_G7,MI-3774B_G7,24465896
MI-791,MI-791,24465902
MI-7855A,MI-7855A,24465904
MI-7362,MI-7362,24465914
MI-7510,MI-7510,24465917
MI-2789XL,MI-2789XL,24465919
MI-7363,MI-7363,24465920
MI-788,MI-788,24465921
MI-7153,MI-7153,24465923
MI-790,MI-790,24465925
MI-7267,MI-7267,24465926
MI-3788W,MI-3788W,24476944
MI-753XL,MI-753XL,24476951
MI-3788B,MI-3788B,24476956
MI-7365,MI-7365,24476960
MI-7984,MI-7984,24476962
MI-7364,MI-7364,24476981
MI-4772,MI-4772,24476987
MI-7998,MI-7998B,24493596
MI-7992,MI-7992,24503005
MI-3796,MI-3796,24503007
MI-7146,MI-7146,24503010
MI-7282,MI-7282,24503013
MI-3793,MI-3793,24503019
MI-75906,MI-75906,24503021
MI-3753,MI-3753,24503023
MI-3794,MI-3794,24503024
MI-75806,MI-75806,24503025
MI-7991,MI-7991,24503026
MI-75816,MI-75816,24503028
MI-3795,MI-3795,24503030
MI-1766B,MI-1766B,24503031
MI-4753B,MI-4753B,24503036
MI-7321,MI-7321-DS,24504682
MI-7365W,MI-7365W,24507514
MI-8053,MI-8053,24553829
MI-15005,MI-15005,24553830
MI-8054,MI-8054,24553831
MI-15007,MI-15007,24553832
MI-8052,MI-8052,24553833
MI-15006,MI-15006,24553834
MI-15004,MI-15004,24554105
MI-15003,MI-15003,24554106
MI-15002,MI-15002,24554107
MI-15001,MI-15001,24554108
MI-15010,MI-15010,24590806
MI-7281B,MI-7281B,24564152
MI-7979W,MI-7979W,24567955
MI-15001_CNT,MI-15001_CNT,24571272
MI-15004CNT,MI-15004CNT,24578085
MI-7856,MI-7856,24581748
MI-1107,MI-1107,24581749
MI-1105,MI-1105,24581750
MI-1106,MI-1106,24581751
MI-1103,MI-1103,24581752
MI-1104,MI-1104,24581753
MI-7857,MI-7857,24584922
MI-868,MI-868,2607851
MI-1771S,MI-1771,2614674
MI-7262,MI-7262,2614677
MI-509B,MI-509B,2614694
MI-8402,MI-8402,2614731
MI-52111,MI-52111,2614734
MI-1772,MI-1772,2614737
MI-45116,MI-45116S,2614740
MI-4211,MI-4211,2614746
MI-893,MI-893,2614774
MI-4151,MI-4151,2614777
MI-8401,MI-8401,2614778
MI-305L,MI-305L,2614779
MI-1121M,MI-1121M,2614783
MI-891,MI-891,2614786
MI-509L,MI-509L,2614787
MI-SB39,MI-SB39,2614795
MI-527,MI-526,2614797
MI-7940,MI-7940,2614810
MI-2752,MI-2752,2632689
MI-429,MI-429,2632699
MI-7310,MI-7310,2632705
MI-7320,MI-7320,2632708
MI-892,MI-892,2632716
MI-878,MI-878,2632719
MI-849,MI-849,2632746
MI-426,MI-426,2632758
MI-821,MI-821,2093730
MI-813,MI-813,2093732
MI-501B,MI-501B,2093734
MI-411L,MI-411L,2093735
MI-346L,MI-346L,2093737
MI-326L,MI-326L,2093739
MI-326B,MI-326B,2093740
MI-319B,MI-319B,2093741
MI-318L,MI-318L,2093742
MI-318B,MI-318B,2093743
MI-310L,MI-310L,2093744
MI-303L,MI-303L,2093747
MI-303B,MI-303B,2093748
MI-2244T,MI-2244T,2093749
MI-2065L,MI-2065L,2093750
MI-2041L,MI-2041L,2093751
MI-789,MI-789,2093756
MI-751,MI-751,2093780
MI-732,MI-732,2093782
MI-7260,MI-7260,2093784
MI-7240,MI-7240,2093785
MI-705,MI-705,2093793
MI-65156,MI-65156,2093794
MI-63156,MI-63156,2093796
MI-605,MI-605,2093798
MI-4601,MI-4601,2093804
MI-43116,MI-43116,2093809
MI-43114A,MI-43114A,2093810
MI-43114,MI-43114,2093811
MI-43111,MI-43111,2093813
MI-405,MI-405,2093815
MI-35116,MI-35116,2093817
MI-35114,MI-35114,2093818
MI-35111,MI-35111,2093819
MI-34116,MI-34116,2093820
MI-34114,MI-34114,2093824
MI-34111,MI-34111,2093825
MI-33116,MI-33116,2093827
MI-33114,MI-33114,2093828
MI-33111,MI-33111,2093829
MI-32116,MI-321116,2093833
MI-32111,MI-32111,2093835
MI-31116,MI-31116,2093837
MI-31111,MI-31111,2093841
MI-7C12,MI-7C012,2093843
MI-7802,MI-7802,24056228
MI-7803,MI-7803,24056229
MI-7941,MI-7941,24056231
MI-7942,MI-7942,24056232
MI-7904,MI-7904,24056233
MI-4352LTMN,MI-4352LTMN,24056245
MI-7272,MI-7272,24056246
MI-SB37,MI-SB37,24056250
MI-151,MI-151,24056254
MI-901,MI-901,24056255
MI-902,MI-902,24056256
MI-7903,MI-7903,24056259
MI-7931,MI-7931,24056262
MI-7940B,MI-7940-BLACK,24056263
MI-7913,MI-7913,24056264
MI-7914,MI-7914,24056265
MI-7915,MI-7915,24056266
MI-904,MI-904,24148263
MI-350,MI-350,24148264
MI-6352LTMN,MI-6352LTMN,24148265
MI-7851,MI-7851,24148266
MI-7151,MI-7151,24148268
MI-7266,MI-7266,24148270
MI-7265,MI-7265,24148271
MI-7927E,MI-7927E,24148274
MI-7935,MI-7935,24148279
MI-908,MI-908,24148281
MI-7854,MI-7854,24148282
MI-7853,MI-7853,24148283
MI-7264,MI-7264,24148285
MI-6352LT,MI-6352LT,24148286
MI-7937,MI-7937,24288074
MI-7932,MI-7932,24288075
MI-7929,MI-7929BLK,24288077
MI-7942B,MI-7942BLK,24288078
MI-4110,MI-4110,24288084
MI-2042,MI-2042,24288085
MI-847,MI-847,24288086
MI-7135,MI-7135,24288088
MI-7945,MI-7945,24288089
MI-7801,MI-7801,24303058
TS-6608,TS-6608,24303060
TS-6540,TS-6540,24303063
MI-7946,MI-7946,24308884
MI-7929BRN,MI-7929BRN,24308886
MI-7955,MI-7955,24308888
MI-7952,MI-7952,24308889
MI-7275,MI-7275,24394921
MI-7154,MI-7154,24394936
MI-7138,MI-7138,24394939
MI-7155,MI-7155,24394941
MI-407-1,MI-407-1,24395051
MI-377,MI-377,24395052
MI-372,MI-372,24395053
MI-363,MI-363,24395054
MI-1875,MI-1875,24395055
MI-431,MI-431,24395057
MI-833,MI-833,24395058
MI-361,MI-361,24395060
MI-381,MI-381,24395062
MI-4223,MI-4223,24395063
MI-203T,MI-203T,24395066
MI-1876,MI-1876,24395067
MI-430,MI-430,24395068
MI-367,MI-367,24395069
MI-510,MI-510,24395070
MI-509XL,MI-509XL,24395071
MI-2042L,MI-2042L,24395072
MI-203,MI-203,24395073
MI-STP102,MI-STP102,24424434
MI-STP109,MI-STP109,24424436
MI-STP108,MI-STP108,24424437
MI-376,MI-376,24425085
MI-4152,MI-4152,24425094
MI-411,MI-411,24425096
MI-13030XL,MI-13030XL,24425099
MI-13050XL,MI-13050XL,24425106
MI-894,MI-894,24425110
MI-319L,MI-319L,24425113
MI-854,MI-854,24425114
MI-630,MI-630,24425116
MI-453,MI-453,24425124
MI-3853,MI-3853,24425125
MI-3774B-XL,MI-3774B-XL,24425128
MI-7989,MI-7989,24425130
MI-383,MI-383,24425134
MI-3792,MI-3792,24425143
MI-CL1101,CL-1101,24429644
MI-1013,LU-1013,24429646
MI-1201,CL-1201,24429647
MI-9010,MI-9010,24463396
MI-9011,MI-9011,24463397
MI-9012,MI-9012,24463398
MI-9013,MI-9013,24463399
MI-7977,MI-7977,24465862
MI-8670,MI-8670,24465865
MI-352,MI-352,24465871
MI-7853A,MI-7853A,24465872
MI-382,MI-382,24465874
MI-7610,MI-7610,24465878
MI-TVHWKIT,MI-TVHWKIT,24465881
MI-8671,MI-8671,24465883
MI-2876,MI-2876,24465885
MI-7854A,MI-7854A,24465887
MI-387,MI-387,24465892
MI-4481,MI-4481,24465894
MI-351,MI-351,24465897
MI-1870,MI-1870,24465899
MI-640,MI-640,24465905
MI-485C,MI-485C,24465907
MI-385,MI-385,24465908
MI-384,MI-384,24465910
MI-7136,MI-7136,24465918
MI-7147,MI-7147,24465924
MI-7926VER,MI-7926VER,24471906
MI-8001,MI-8001,24476942
MI-310B24,MI-310B24,24476945
MI-SB454,MI-SB454,24476948
MI-895,MI-895,24476950
MI-SB434,MI-SB434,24476952
MI-386,MI-386,24476953
MI-897,MI-897,24476954
MI-896,MI-896,24476955
MI-855,MI-855,24476965
MI-1860,MI-1860,24476967
MI-3050XL,MI-3050XL,24476970
MI-3030,MI-3030,24476972
MI-512L,MI-512L,24476973
MI-513L,MI-513L,24476974
MI-512B,MI-512B,24476975
MI-5352T,MI-5352T,24476979
MI-3050,MI-3050,24476983
MI-3030XL,MI-3030XL,24476988
MI-7925VER,MI-7925VER,24477027
MI-7983,MI-7983,24479661
MI-7951,MI-7951,24479662
MI-7962,MI-7962,24485660
MI-7971,MI-7971,24485661
MI-7997,MI-7997,24485662
MI-7957,MI-7957,24485663
MI-7999,MI-7999,24485664
MI-7969,MI-7969,24485665
MI-7981,MI-7981,24485666
MI-8050,MI-8050,24493597
MI-909,MI-909,24499431
MI-910,MI-910,24499432
WI-3003,WI-3003,24499433
WI-3002,WI-3002,24499434
WI-3001,WI-3001,24499631
MI-10201,MI-10201,24499783
MI-10211,MI-10211,24499784
MI-10202,MI-10202,24499785
MI-10203,MI-10203,24499786
MI-10212,MI-10212,24499787
MI-10213,MI-10213,24499788
MI-889,MI-889,24503006
MI-389,MI-389,24503008
MI-8020,MI-8020,24503009
MI-M8KIT,MI-M8KIT,24503011
MI-9004,MI-9004,24503014
MI-611,MI-611,24503016
MI-306,MI-306,24503018
MI-394,MI-394,24503020
MI-432,MI-432,24503022
MI-3789,MI-3789,24503027
MI-3030NB,MI-3030NB,24503029
MI-610,MI-610,24503032
MI-393,MI-393,24503033
MI-1877,MI-1877,24503034
MI-2874,MI-2874,24503035
MI-514,MI-514,24503037
MI-859,MI-859,24503038
MI-515,MI-515,24503039
MI-20103,MI-20103,24503695
MI-20107,MI-20107,24503697
MI-20401,MI-20401,24503698
MI-20119,MI-20119,24503700
MI-20105,MI-20105,24503702
MI-7161,MI-7161,24506400
MI-7162,MI-7162,24506401
MI-20201,MI-20201,24508204
MI-20810,MI-20810,24508205
MI-20202,MI-20202,24508206
MI-20701,MI-20701,24508207
MI-7860,MI-7860,24509986
MI-7858,MI-7858,24509987
MI-7861,MI-7861,24509988
MI-7862,MI-7862,24509989
MI-18063,MI-18063,24520137
MI-18064,MI-18064,24520138
MI-18062,MI-18062,24520139
MI-18066,MI-18066,24520140
MI-18071,MI-18071,24520141
MI-18065,MI-18065,24520142
MI-18067,MI-18067,24520143
MI-18069,MI-18069,24520144
MI-18070,MI-18070,24520145
MI-18060,MI-18060,24520146
MI-18068,MI-18068,24520147
MI-18061,MI-18061,24520148
MI-481,MI-481,24520483
MI-482,MI-482,24520484
MI-7962C,MI-7962C,24525808
MI-7927EC,MI-7927EC,24525809
MI-905,MI-905,24534103
MI-906,MI-906,24534104
WI-4030,WI-4030,24534105
WI-4031,WI-4031,24534106
WI-4010,WI-4010,24534107
MI-920,MI-920,24534108
MI-926,MI-926,24534109
MI-927,MI-927,24534110
MI-912,MI-912,24534111
MI-928,MI-928,24534112
MI-913,MI-913,24534113
WI-4012,WI-4012,24534114
MI-923,MI-923,24534115
MI-924,MI-924,24534116
MI-907,MI-907,24534117
MI-921,MI-921,24534118
MI-907S,MI-907S,24534119
MI-925,MI-925,24534120
TS-458,TS-458,2607844
MI-7150,MI-7150,2607850
MI-875,MI-875,2607853
MI-876,MI-876,2607854
MI-7410,MI-7410,2614673
MI-867,MI-867,2614687
MI-502B,MI-502B,2614688
MI-TLT3-80,MI-TLT3-80,2614690
MI-7263,MI-7263,2614735
MI-32116_BLK,MI-32116B,2614738
MI-45116_BLK,MI-45116B,2614739
MI-3990,MI-3990,2614749
MI-345,MI-345,2614751
MI-501L,MI-501L,2614752
MI-844,MI-844,2614756
MI-369B,MI-484C,2614758
MI-843,MI-843,2614762
MI-863,MI-863,2614763
MI-802,MI-802,2614764
MI-4222,MI-4222,2614765
MI-507,MI-507,2614771
MI-801,MI-801,2614775
MI-4461-CBL,MI-4461,2614776
MI-1131L,MI-1131L,2614780
MI-1121L,MI-1121L,2614784
MI-104,MI-104,2614785
MI-1214S,MI-1214S,2614794
TS-7006,TS-7006,2614800
TS-7005,TS-7005,2614801
MI-1781,MI-1781,2614802
MI-873,MI-873,2614811
MI-870,MI-870,2614812
MI-846,MI-846,2614816
MI-34114_BLK,MI-34114BLK,2632684
MI-32111-BLK,MI-32111 BLK,2632685
MI-45111-BLK,MI-45111B,2632686
MI-2789,MI-2789,2632687
MI-35111_BLK,MI-35111B,2632688
MI-35114_BLK,MI-35114BLK,2632690
MI-33114_BLK,MI-33114-BLK,2632691
MI-33111-BLK,MI-33111-BLK,2632692
MI-43114_BLK,MI-43114BLK,2632694
MI-31114_BLK,MI-31114-BLK,2632695
MI-848,MI-848,2632696
MI-1753,MI-1753,2632698
MI-2781,MI-2781,2632700
MI-45114_BLK,MI-45114-BLK,2632701
MI-7311,MI-7311,2632709
MI-606B,MI-606B,2632711
MI-608,MI-608,2632712
MI-606S,MI-606S,2632714
MI-606L,MI-606L,2632715
MI-508,MI-508,2632718
MI-780,MI-780,2632720
MI-4471,MI-4471,2632721
MI-3991B,MI-3991B,2632723
MI-506,MI-506,2632747
MI-3991XL,MI-3991XL,2632748
MI-SB41,MI-SB41,2632755
MI-442,MI-442,2632759
MI-3991L,MI-3991L,2632761
MI-3770B_G10,MI-3770B_G10,24592370
MI-3770W_G10,MI-3770W_G10,24592361
MI-3771B_G10,MI-3771B_G10,24592365
MI-3771W_G10,MI-3771W_G10,24592373
MI-3772B_G10,MI-3772B_G10,24592369
MI-3772W_G10,MI-3772W_G10,24592371
MI-3774B_G10,MI-3774B_G10,24592364
MI-3774W_G10,MI-3774W_G10,24592362
MI-3775B_G10,MI-3775B_G10,24592363
MI-3775W_G10,MI-3775W_G10,24592367
MI-3783_G10,MI-3783_G10,24592368
MI-3880B_G10,MI-3880B_G10,24592374
MI-3880W_G10,MI-3880W_G10,n/a
MI-SB45,MI-SB45,24590917
MI-SB52,MI-SB52,24590918
MI-SB44,MI-SB44,24590919
MI-SB50,MI-SB50,24590921
MI-14002,MI-14002,24590915
MI-14003,MI-14003,24590916
MI-14004,MI-14004,24590920
MI-18079,MI-18079,24591130
MI-18080,MI-18080,24591126
MI-18097,MI-18097,24591127
MI-18087,MI-18087,24591123
MI-18077,MI-18077,24591124
MI-18114,MI-18114,24591128
MI-18082,MI-18082,24591129
MI-18106,MI-18106,24591125
MI-4881,MI-4881,24592366
MI-4882,MI-4882,24592372
MI-7170,MI-7170,24596730
MI-7171,MI-7171,24596732
MI-7172,MI-7172,24596731
MI-8011,MI-8011,24596722
MI-8012,MI-8012,24596721
MI-4224,MI-4224,24588274
MI-4223W,MI-4223W,24588275
MI-4224W,MI-4224W,24588277
MI-386W,MI-386W,24588278
TS-7009,TS-7009,24597226
MI-7811,MI-7811,24596872
MI-941B,MI-941B,n/a
MI-7137,MI-7137,24394943
MI-7993,MI-7993,n/a
MI-1765,MI-1765,n/a
MI-7704,MI-7704,n/a
MI-7936A,MI-7936A,n/a
MI-8030B,MI-8030B,n/a
MI-7703,MI-7703,n/a
MI-355,MI-355,n/a
MI-18075,MI-18075,n/a
MI-18076,MI-18076,n/a
MI-7702,MI-7702,n/a
MI-7937A,MI-7937A,n/a
MI-18078,MI-18078,n/a
MI-7701,MI-7701,n/a
MI-8030W,MI-8030W,n/a
MI-8033B,MI-8033B,n/a
MI-8033W,MI-8033W,n/a
MI-8034B,MI-8034B,n/a
MI-8034W,MI-8034W,n/a
MI-18095,MI-18095,n/a
MI-18081,MI-18081,n/a
MI-18096,MI-18096,n/a
MI-18098,MI-18098,n/a
MI-18099,MI-18099,n/a
MI-18100,MI-18100,n/a
MI-18101,MI-18101,n/a
MI-18083,MI-18083,n/a
MI-18102,MI-18102,n/a
MI-18084,MI-18084,n/a
MI-18111,MI-18111,n/a
MI-18112,MI-18112,n/a
MI-18113,MI-18113,n/a
MI-18116,MI-18116,n/a
MI-18117,MI-18117,n/a
MI-18118,MI-18118,n/a
MI-18119,MI-18119,n/a
MI-18120,MI-18120,n/a
MI-18093,MI-18093,n/a
MI-18092,MI-18092,n/a
MI-18091,MI-18091,n/a
MI-18094,MI-18094,n/a
MI-18085,MI-18085,n/a
MI-18086,MI-18086,n/a
MI-18088,MI-18088,n/a
MI-18089,MI-18089,n/a
MI-18090,MI-18090,n/a
MI-7993W,MI-7993W,n/a
WI-1001,WI-1001,n/a
MI-18105,MI-18105,n/a
MI-9020_BLK,MI-9020_BLK,n/a
MI-9020_ORG,MI-9020_ORG,n/a
MI-9021,MI-9021,n/a
MI-1772S,MI-1772S,2614737
MI-9022,MI-9022,n/a
MI-944B,MI-944B,n/a
MI-944W,MI-944W,n/a
MI-943,MI-943,n/a
MI-7298BLK,MI-7298BLK,n/a
MI-7298WHT,MI-7298WHT,n/a
MI-4752,MI-4752,n/a
MI-4752WHT,MI-4752WHT,n/a
MI-8752BLK,MI-8752BLK,n/a
MI-4781,MI-4781,n/a
WI-4030XL,WI-4030XL,n/a
WI-4114,WI-4114,n/a
MI-33115B,MI-33115B,n/a
MI-35115B,MI-35115B,n/a
MI-35115S,MI-35115S,n/a
MI-43115B,MI-43115B,n/a
MI-45115B,MI-45115B,n/a
MI-75821,MI-75821,n/a
MI-75826,MI-75826,n/a
MI-75921,MI-75921,n/a
MI-75811,MI-75811,n/a
MI-75911,MI-75911,n/a
MI-75916,MI-75916,n/a
MI-8045,MI-8045,24598111
MI-8040,MI-8040,24598110
MI-7149,MI-7149,24598109
MI-7294BLK,MI-7294BLK,24598108
MI-7294WHT,MI-7294WHT,24598107
MI-14010,MI-14010,24600544
MI-874,MI-874,24288071
MI-8032,MI-8032,n/a
MI-4751BLK,MI-4751BLK,n/a
MI-4751WHT,MI-4751WHT,n/a
MI-20147,MI-20147,n/a
MI-2753OLD,MI-2753OLD,n/a
MI-16005,MI-16005,n/a
MI-16006,MI-16006,n/a
MI-16007,MI-16007,n/a
MI-16008,MI-16008,n/a
MI-367BDL,MI-367BDL,n/a
MI-9009,MI-9009,n/a
MI-9006B,MI-9006B,n/a
MI-9006S,MI-9006S,n/a
MI-70863,MI-70863,n/a
WI-4001,WI-4001,n/a
WI-4002,WI-4002,n/a
WI-4003,WI-4003,n/a
WI-4011,WI-4011,n/a
WI-4013,WI-4013,n/a
MI-TABLET_KEY2,MI-TABLET_KEY2,n/a
MI-9007,MI-9007,n/a
MI-9008,MI-9008,n/a
MI-429_WP,MI-429_WP,n/a
MI-302,MI-302,n/a
MI-390XL,MI-390XL,n/a
MI-391XL,MI-391XL,n/a
MI-374,MI-374,n/a
MI-7633,MI-7633,n/a
MI-1765KB,MI-1765KB,n/a
MI-3799,MI-3799,n/a
MI-931,MI-931,n/a
MI-932,MI-932,n/a
MI-7148,MI-7148,n/a
MI-7295,MI-7295,n/a
MI-43111-BLK,MI-43111-BLK,n/a
MI-43116_BLK,MI-43116_BLK,n/a
MI-75926,MI-75926,n/a
MI-63151,MI-63151,n/a
MI-65151,MI-65151,n/a
MI-31116B,MI-31116B,n/a
MI-33116-BLK,MI-33116-BLK,n/a
MI-35116_BLK,MI-35116_BLK,n/a
MI-55111,MI-55111,n/a
MI-55116,MI-55116,n/a
MI-1352T,MI-1352T,n/a
MI-73716,MI-73716,n/a
MI-75801,MI-75801,n/a
MI-75901,MI-75901,n/a
MI-803,MI-803,n/a
MI-7920,MI-7920,n/a
MI-7928,MI-7928,n/a
MI-7953,MI-7953,n/a
MI-7958,MI-7958,n/a
MI-7958W,MI-7958W,n/a
MI-10204,MI-10204,n/a
MI-KIDS_KIT_BLUE,MI-KIDS_KIT_BLUE,n/a
MI-KIDS_KIT_GREY,MI-KIDS_KIT_GREY,n/a
MI-KIDS_KIT_PINK,MI-KIDS_KIT_PINK,n/a
MI-7968,MI-7968,n/a
MI-7980B,MI-7980B,n/a
MI-7980W,MI-7980W,n/a
MI-631WHT,MI-631WHT,n/a
MI-631BLK,MI-631BLK,n/a
MI-630WHT,MI-630WHT,n/a
MI-427,MI-427,n/a
MI-1765LT,MI-1765LT,n/a
MI-7158,MI-7158,n/a
MI-7352LT,MI-7352LT,n/a
MI-7352LTMN,MI-7352LTMN,n/a
MI-33115S,MI-33115S,n/a
MI-43115S,MI-43115S,n/a
MI-45115S,MI-45115S,n/a
MI-4884B,MI-4884B,n/a
MI-6772,MI-6772,n/a
MI-6771,MI-6771,n/a
MI-2758,MI-2758,n/a
MI-2757,MI-2757,n/a
MI-32114,MI-32114,n/a
MI-7314,MI-7314,n/a
MI-3872B,MI-3872B,n/a
MI-3882BLK,MI-3882BLK,n/a
MI-3882WHT,MI-3882WHT,n/a
MI-3881BLK,MI-3881BLK,n/a
MI-3881WHT,MI-3881WHT,n/a
MI-3870B,MI-3870B,n/a
MI-3871B,MI-3871B,n/a
MI-7157,MI-7157,n/a
MI-941W,MI-941W,n/a
MI-1771,MI-1771,2614674
MI-15009L,MI-15009L,24606164
MI-15009,MI-15009,24606167
MI-15009S,MI-15009S,24606165
MI-15006S,MI-15006S,24606166
WI-4031XL,WI-4031XL,n/a
WI-4032XL,WI-4032XL,n/a
WI-4033XL,WI-4033XL,n/a
MI-1401,MI-1401,2093753
MI-3783_G7,MI-3783,24056236
MI-307,MI-307,24588273
MI-509B_WHT,MI-509B_WHT,24588276
MI-1246F,MI-1246F,24600535
MI-7285,MI-7285,24600536
MI-SB60,MI-SB60,24600537
MI-396,MI-396,24600538
MI-356,MI-356,24600539
MI-4225WHT,MI-4225WHT,24600540
MI-604W,MI-604W,24600541
MI-4225,MI-4225,24600542
MI-1232,MI-1232,24600543
MI-4200,MI-4200,24600545
MI-14008,MI-14008,24600546
MI-395,MI-395,24600547
MI-14009,MI-14009,24600548
MI-395WHT,MI-395WHT,24600549
MI-4110-T,MI-4110-T,24608073
MI-2042-T,MI-2042-T,24608074
MI-14003-T,MI-14003-T,24608075
MI-16002,MI-16002,24608952
MI-16016,MI-16016,24608953
MI-16025,MI-16025,24608954
MI-16028,MI-16028,24608955
MI-16017,MI-16017,24608957
MI-16001,MI-16001,24608958
MI-16003,MI-16003,24608960
MI-16026,MI-16026,24608961
MI-16015,MI-16015,24608963
MI-16018,MI-16018,24608966
MI-16027,MI-16027,24608968
MI-16004,MI-16004,24608970
TS-453,TS-453,2607818
TS-456,TS-456,2607820
TS-457,TS-457,2607821
TS-471BLUE,TS-471BLUE,2607822
TS-471BLACK,TS-471BLACK,2607845
TS-471GREY,TS-471GREY,2607846
TS-471 O,TS-471 O,2607847
MI-344,MI-344,2614672
MI-FLT5-60,MI-FLT5-60,2614757
TS-627,TS-627,2614760
TS-6610,TS-6610,2614761
MI-343,MI-343,2614766
MI-342,MI-342,2614768
MI-607,MI-607,2632713
TS-623,TS-623,2632762
TS-624,TS-624,2632763
TS-620,TS-620,2632764
TS-628,TS-628,2632765
TS-622,TS-622,2632766
MI-1377,MI-1377,3096810
MI-7809,mi-7809,n/a
MI-384L,mi-384L,n/a
MI-7611,MI-7611,n/a
MI-7612,MI-7612,n/a
MI-630BLK,MI-630BLK,n/a
MI-612,MI-612,n/a
MI-28,MI-28,n/a
MI-SB03,MI-SB03,n/a
MI-SB28,MI-SB28,n/a
MI-28B,MI-28B,n/a
MI-SB130,MI-SB130,n/a
MI-SB56,MI-SB56,n/a
MI-7997BLK,MI-7997BLK,n/a
MI-7313,MI-7313,n/a
MI-768,MI-768,n/a
MI-7366,MI-7366,n/a
MI-908 x 3,MI-908 x 3,n/a
MI-824A,MI-824A,n/a
MI-TABLET_KEY,MI-TABLET_KEY,n/a
MI-3771B_G8,MI-3771B_G8,n/a
MI-3775B,MI-3775B,n/a
MI-3770B_G8,MI-3770B_G8,n/a
MI-509LWHT,MI-509LWHT,n/a
MI-397,MI-397,n/a
MI-864,MI-864,n/a
MI-880,MI-880,n/a
MI-1874,MI-1874,n/a
MI-10701,MI-10701,n/a
MI-10702,MI-10702,n/a
MI-10703,MI-10703,n/a
MI-1101,MI-1101,n/a
TS-7008,TS-7008,n/a
MI-9014,MI-9014,n/a
MI-7250,MI-7250,n/a
MI-7251,MI-7251,n/a
MI-930,MI-930,n/a
MI-7631,MI-7631,n/a
MI-7632,MI-7632,n/a
ARV-B1,ARV-B1,n/a
MI-305L-CBL,MI-305L-CBL,n/a
MI-310S,MI-310S,n/a
MI-323L,MI-323L,n/a
MI-4PC311S,MI-4PC311S,n/a
MI-7810,MI-7810,n/a
MI-9464,MI-9464,n/a
TS-65PN,TS-65PN,n/a
TS-65PNWHT,TS-65PNWHT,n/a
MI-18121,MI-18121,24615368
MI-18122,MI-18122,24615370
MI-18125,MI-18125,24615372
MI-18126,MI-18126,24615371
MI-18123,MI-18123,24615369
MI-18124,MI-18124,24615367
MI-7284,MI-7284,n/a
MI-6524,MI-6524,n/a
MI-2829XL,MI-2829XL,n/a
MI-SB42,MI-SB42,n/a
MI-15011,MI-15011,n/a
TS-7010,TS-7010,n/a
TS-7011,TS-7011,n/a
MI-309,MI-309,24625971
MI-4112,MI-4112,24625972
MI-444BLK,MI-444BLK,24625973
MI-311,MI-311,24625974
MI-445,MI-445,24625975